Student_ID,Extracurricular_Activity,Weekly_Hours
ccf3a17156dc4907ba6c34ab6712303a,Press club,7
310c0c003fa741049bf90e27dc96925e,Art,1
23e2fcb472d8467d894a05e430b187ef,Literature club,5
766ecb15474e4c19aef912766c006f61,Sports,3
134c6c92ec5b427c9fde4fbf3ff350bf,Sports,6
db20a56edc814fe78eda8bbb71710434,Literature club,2
a6f2f7b80cf34b5899108be58ce21ea3,Drama,9
03c72ba8d60547708a63f881ffd0f9d5,Literature club,2
c0e9ab30ed2642e997e011b7f8102383,Press club,2
680ac07a2a934d62bc835dc0d9441fa5,Sports,2
dd59ba7136b84481bb3a4e3e7c52fa17,Debate Club,5
2a25a8880f024ad0a7067ef466aa9385,Art,4
63f2ae24fc3d4348808d4127610461e3,Drama,10
c8fe3ccdc8b849c6ad3049cf43e458fc,Literature club,6
b253d2186c4a47ea890617f2747b6dba,Debate Club,5
c88a618efed4457dbb026576f512c4c3,Jet club,1
7c967f79b7e94acaa97065e18e46d534,Literature club,10
37bb3eec4bf54b52b09d258c27a0c3d7,Drama,5
bc594585944548c08ef8c2d6f7fd5646,Sports,2
504867babf7b439b8f9aea4b8acd4e10,Art,5
7a0ecfea958c49ba8cd620c20ea2622b,Jet club,8
87f7e1fbda4b49caab5cf46780bacd64,Press club,9
82010c62f5f54b228e8fa8e0284d82e5,Press club,6
118a9d292f92499699f195d014822f53,Jet club,8
dca02eecacda4acc9165e21098543881,Jet club,1
f10c718b1eb0438aa75dd5af3c365296,Sports,1
94340a033f07481491d63f78e3e9de99,Debate Club,10
14fcdd549e8f49658a2c827e98326856,Literature club,4
90b2b633956b4c0ca8499b926b5252e3,Art,3
42c18a62ef4848d590fd9d3f85d51695,Sports,2
506e5a9ab758488dab73295b344a54b8,Jet club,4
21813d25655248a683ff50113d1a85dd,Press club,10
750cab754ccc4bc2a53f8a28abf3e3fc,Art,10
ef8c485bc07a40f2add4253b50f0fd0a,Press club,8
9f044aed7552432782627f7312922f83,Jet club,4
19985f15ff004d4d902059e4ff9ab5c2,Literature club,9
8181a8cc369147eb89a2688b12c136e0,Art,9
5958a499eeea463ea1e8ac6843e42caf,Debate Club,5
3e896c64e1174ac3919c4ea3e1805081,Jet club,2
702cdd20286248b888f4ef125e9953d2,Drama,5
4d71c366b41b41438b10550cd5704f32,Debate Club,5
ce9e1a11fcbb4e59bbddcf7c9c96e9ec,Literature club,7
aaf91531020041f08768a84fa76afde6,Jet club,9
ee87905e4ca445ea8dfa6a56d12dbc9a,Drama,2
e0ccedc5f05d476e9a84a51aa9d3d7c7,Jet club,5
e3c436571d8c4bac83b409ef2260e70f,Art,3
27cb6f2a8da04097be0f051b1b66b5a9,Drama,4
35ebd32d9ad640ab88212ddb45b89cd9,Art,3
afffcfd2341e440b97c700aab7b56ea7,Drama,7
81627cf1439442e69a587e8aa25d6b29,Art,6
e87d1c78e7c441c780497b717d106c60,Debate Club,4
a260772317a04f498d01280fd89a40c0,Press club,5
0b49452d46d443f39450281c6c6f7633,Jet club,8
217d65a0c56841cd9563f61600e85ece,Sports,5
295d6fbf430f401dbad409e2a319dcb4,Sports,5
b4a69f3c8d3a4d99b11c21c9bdc14f1f,Sports,3
1ca3c448027946a68f9797b06d7ce3c9,Literature club,2
b0e6a969e21342b0b1eedba313432e61,Drama,9
093923de8bab4e3ba6286bfbe767dcea,Literature club,2
8d7248e2951f48d09e84f058d5a804eb,Drama,7
0ab54bde20a04502ae06809725e97977,Jet club,9
eededb07e62346899d59cd2a4eea04e7,Literature club,8
0a368ce7dc574131b8e1daa7cbceabde,Debate Club,4
ae9bec3635c7436c9b9962c6e61fecc0,Press club,10
5a8aaeca1a504ec3aabc25fa3fe12e47,Press club,9
dfed2c43e25646dc8f5486b7c7b5b2bc,Literature club,1
bfddc3d99ee34c2ab94d62046808593f,Debate Club,6
3c9ad14cee0c4eb5acfedb992790cebd,Debate Club,1
ccc56569f9e84369a999b735dd56cc94,Jet club,6
698c206fe1a44e10ad534dd0cf8ebc5a,Literature club,6
ecab3301bc8f4d29adea94930658663a,Jet club,1
696608aaee494329884a7b28550a1b46,Literature club,5
bc2cbb0ddd334cc7ab7f089acd5f4822,Jet club,8
28c13091444d410bbf87e362cf8d446a,Sports,4
61ee411a1bac47a7b386f7a4c991603f,Jet club,3
787f2425dbcc447789e9db0adf465290,Jet club,6
eb1fa9f2d10b41d0b317347038f16a81,Debate Club,3
d20eac174e204d1a998336e375d66ed4,Press club,10
391184973a4342ba9f0f06cbcb9bc326,Jet club,2
6601ddd031704437a8f7ef5a060edf5b,Art,9
11c58ef0dd464c09875287aa5408f9ac,Sports,3
59e4b67147744c5885f8bc16f7860b50,Art,6
adf4e62d6651429e8268690ba43825b5,Drama,7
54c63cd889454f2797fa2d8dfb2ca025,Jet club,5
e08596db1d8749668710d430f071d879,Art,6
94a1875d2db64edb82deffccf86c2ca2,Debate Club,8
09cb394243f54a85bbc9f87af668a617,Art,5
587ef3446f3f420c98b8e4cc1bc044fc,Art,6
6fb78271504d481f89535b63ba81edd9,Press club,8
1d9af65982ec4f2dbbf6e16f9b3080d5,Jet club,8
30a900ad939b462da645f129629c2ae3,Drama,6
6fa17735b57243d08b5cea6a41357e8c,Press club,10
ce777f00ecf24e7685197ff4006ed6e3,Sports,2
f0b5156bb82c4074afd5dea589d7fd6c,Jet club,8
3270e4faabae4f43bcae8081bdf070aa,Press club,6
f2e9702d11e94daaae6981a35d3d9e56,Jet club,5
9f871ce754874d4fabb7a385aa0b7b14,Press club,3
1fe771d6d9174793a9d3c2e6505cc686,Debate Club,9
81d2c7de4ce14b90a6697833b841d0a0,Literature club,2
5380b904688c4015aab97e494f2d4796,Press club,10
8dedf9fb4bb04f20b27c40266703b636,Jet club,2
aa38d0a16ba24efeb11c6eb62095eef6,Jet club,2
bf85bf0ead64456ca10faa3ff0bbac67,Jet club,6
91b0e1d99d9242afac8d0e44e71e43a6,Art,5
d56f03508c454ce2a7f48ad54d0b0d1a,Art,3
35ce884149734d6c8dcabfb7001a9a8b,Debate Club,8
9b4e2c24947941e689277d9b6e0d2648,Drama,8
7118e36477094749927eecfaa79ac9aa,Sports,5
82dc4c8e36b5429aacf5e81e71316269,Drama,7
f5b78cc7e6b349448b323e357922bac2,Literature club,9
a8aa71582b704525bc67f831cbc84759,Debate Club,3
a9f2533683f449a988a639d015b52908,Drama,8
17e8392a55ce45db9e87e04ca2086977,Drama,9
3c20592fc04a46c4b3b63fe1d1843324,Debate Club,9
ce7ae7f639824cff8f77a665ac3c5640,Art,7
0bd4a99006404e0fa5b8fd4b32fa2de8,Press club,9
9c7c737779a24903bbe33b243eae0032,Press club,7
7496276412a44ef084bbb7a9d98868dd,Sports,1
935f2b0aa1384ddca2d9de5d6a18ce4c,Literature club,1
624c69b6b24445a7b7e5848131c681ec,Literature club,10
25c73c443e7543b4a64fa6637e8f8095,Debate Club,3
e4855aa1016b4287b00805cca7f36ae9,Drama,3
e2add909c5214f2d9c45d539c03f3538,Sports,5
3805f9076cd6419387468f591b494e15,Debate Club,7
b227462cf53d43308dda24ba2d06e8cf,Art,1
8eb225790cdb4ca4b6ecbdd68498e113,Literature club,1
1f115b76d92c4227aadf50853fcb7546,Debate Club,8
76f2dbfecd29436fa22282e174daaebf,Jet club,6
8f15ba58fce6450487f8424daae65fc1,Debate Club,10
c1581092f3354ba3913a7052986f9025,Jet club,8
d0a444329cd64852b14c7df4e4347d51,Literature club,7
6d3ee1dc81394443a45b712eb8225688,Debate Club,2
722764e68c41461ba827a1b9d4a02e53,Literature club,2
dc8aee30be6043f7a8be9288e5af6e39,Press club,1
c074718e425a409fb337c59979844388,Debate Club,2
46fde062a33d47af9701410d3f4b1a70,Press club,10
7c0e8cd8857347938715b2b9c40c5d91,Art,7
709b7d97464c44afbd3f3799a07295e9,Literature club,1
3c07c57449254af1b6aae05b13d5f2f7,Literature club,3
e49d681d51d84c6495fa1ab8458f1f19,Press club,2
269cd696236c4b8794a0bccb8a476a87,Sports,1
271e3ee2b1a641f1a20e99d33b33f3d8,Jet club,6
6a34c85410714d51b6c59dacb4d7e28e,Literature club,9
7746d0ba8ae8405b94b4a48268586eba,Press club,9
d5385b0e34f3493c8ff0a55c6a702e2f,Jet club,3
c51155ffe7a34e81a3b4c08b6b8e869f,Art,8
05000bc6b20d4b6eb2311f1795863a76,Literature club,10
9360715fc3fe4183a172b725db52ca58,Sports,10
f1578470018247c4ba1b58066160a6b4,Drama,8
63d62a39c0e34efd8c71e0fe5a0cdd7c,Literature club,1
d5f25073f41442b1a4429ebbda7b9095,Debate Club,2
bc10fa52bf5d4fdf89c8d2ab6b44fa8d,Jet club,3
e5d6f6e69a6e42f58cc429038bcf53a1,Literature club,10
45df16b6382c443fbcfc9b793875394c,Jet club,5
638c254c076e4bbabc5308bf6f92f25e,Art,3
cc530e36addc4e13ab3b4d37560c95ee,Drama,2
d72b61082a404f12b963f37f67814c1f,Literature club,10
fb10987f20ac4703ab67146a77a6e17c,Press club,2
e82c7d7b06e745f988bc539c9f4c3b79,Art,6
a9ba5a27907b4e36978648f864de82e6,Literature club,2
6db99102a48b4dbe957d94a106f028ff,Drama,8
2e85cb2176314e9d9de9f86322bd3388,Literature club,6
53cd6268610c437382999aa40cdf742b,Press club,4
56666f9f53ac4ab9b4672cd9362f5e5c,Press club,1
473bd358610e4a64a1301617c2dff335,Debate Club,10
6bebac31d4f84d72b3821cfdc083b73a,Press club,7
7866076514f74e8d95bcb8d04094dded,Sports,3
0d557b618a174dfebfc00dc804f64d86,Sports,1
39669fa759974043b3b1025bfff9f585,Sports,10
f510ab53c7fe439f9190f938a66fd7f7,Jet club,8
07f194f9c1154d6d8a4e5b70a6d964a3,Art,7
d6d7b3b833094d35bf4df561f319c125,Sports,7
3d1148022702478b9f0fda8d05379ff6,Art,4
1d48a071ab6147b1b93b4c3220500494,Literature club,8
770c779837cc463bb2a0345990604f62,Press club,2
5e6fea07c4534f1d81992fdfb31022f0,Jet club,9
f6b751f79b7442459b1bc8952af43ab7,Art,4
c71d5e601d5246abb7e6427cbf780e3f,Debate Club,3
4fa03f26f6f740cca9ec8e49d1bdb8c0,Jet club,3
edcb8cb606924c639424aed51bac5c15,Art,9
e87466d7ad6641bd93676a024fdc6e1b,Drama,6
f1043785658b4523a0141de9f54ad0a2,Drama,2
9793b9b413744146b2c5bd89b70b3420,Literature club,2
3e2b6091a092452a94a057a7b0cc1b3b,Art,3
4d3485c5c5c14eb4b27b3d901a16342c,Drama,8
ce3714af99b44350af2b99b4d9acd158,Art,4
90e0f4a0fbdd49338bd58bf61efd76e9,Sports,4
8861fe1858e248888a8381bec85aca46,Sports,5
11a726095edd4bbfa95976636daa2e68,Debate Club,6
033d2bce575a4d2ca5c5650c8186a576,Drama,5
7d7ddbedd284476cab88f83dd97dc9cd,Debate Club,6
5cb85aedf5f64c97aefb63b11b049863,Press club,6
75b17a55d4264982a43e4288a2b5b498,Literature club,8
2d174fc96f7c45eaa72a6d8eb5122df8,Drama,5
a6846099f7294951859131d2bbda0242,Literature club,8
eb6c1016cee644d09dac6e8345241ea6,Sports,8
7701f7bb7bc64e1f864ee6e389c5b31a,Press club,7
97ac6aa8bb2448a3936357b66f81cf4f,Art,10
3ed8c56cda094fa092828d8044b591f7,Debate Club,4
4767d76c162f4a24af43613cd4aac9a3,Literature club,1
c01f36bf3e6d458bb367c28de1b294de,Jet club,10
ab0e664e9c3e42d591e1aa9676f72255,Jet club,8
7e8adee707584201961e16d16105716b,Sports,8
7cd0129d2e8d4e87933420e6d9d80b8d,Art,4
4223623bcc3e4dde9ad5cf06364d7c87,Debate Club,7
989d9d4ae15c46668797b2c957207246,Press club,8
8e48522346b94991a14eb70db380c73a,Art,2
30e912f2f2b44abf8441aefd0299436a,Literature club,9
680bac63b8564035bdc9829015eabb27,Literature club,1
3d85de89c21744298e2007247d137018,Jet club,7
b63b4dc3a5594463b9e13ceab0cbc61f,Literature club,5
046a0df5cafd4613b2bb912d7da67785,Sports,1
6786d50638ba4abc8b5305e517d2582e,Press club,2
a9f948b24e6344bbbe493f43b118f68d,Art,1
8db06746792749739e781fd794e0d3ba,Debate Club,6
ff233d5f6ced415d98007c0287ea7ff5,Sports,2
5a10412954ae4d1b8ce6424dbef59fe6,Debate Club,4
4e7ed827455a4762b428a656b3ee4d3b,Drama,8
b8a6171f1ee34dc4bb048a8b405bfdc9,Jet club,9
be2d740a1e9b43bc90c7c006314d3441,Literature club,2
b0ae8f08c31e4bbcb36cb62b892e6161,Sports,6
bd1531c837644bdab108d4482f65fafa,Sports,4
96ef2ad6b97e470386c8adfe7bf47042,Jet club,6
98c7472a864e4a13829cfc0cfa02eaec,Press club,9
d52721e719bc443ebb02bebb48729a4d,Jet club,9
5c62b3a23a3c463e8bd6cee631b1b099,Drama,7
b540b30e039f4a258d6168bd2defe193,Jet club,9
0ba6eab94639447ba067bdac88bd13d1,Drama,10
4ac9778d8da84ee48df56ac6f96b648a,Art,2
a34b6cf620534a42b1afdb65b289f224,Art,4
1a432f0a7daa49f080b6fce2de53790a,Debate Club,4
48ca765192f54f7b8323d342df6a8f93,Drama,6
5738811d70c2403fba8d03aa782a65e0,Sports,9
40a26c600d274659b72ada9b2f32751e,Art,5
1d34d08e7a4c45d49c99e04cf0e98b3b,Drama,2
7de31a516694434390ba58e3d2762bdc,Drama,3
afbb411aa1234a8c93b7a88612f70c97,Debate Club,4
cfa701cd2631400ba6d794d30db95301,Debate Club,4
15ce6a664dc84a1eb2f9e5fa90164161,Debate Club,10
8edddfcd1e524770bf897142fe716b14,Drama,8
989bc4da9b37422baa8a616fc3b290d0,Press club,4
c693da1139c641ca9e50aa42ca6dfda1,Debate Club,1
e893be3d73544a6fa160745985c7504b,Literature club,4
96a9954fdc3341f98c1f55ab715629ee,Literature club,8
9191b3634e2d4645adc7cac7fd72b050,Debate Club,8
f5c9b0479c1045728f6b40d09efba58b,Debate Club,3
c342bd2bf295456e99675f06bd767e35,Press club,3
43bfd93136054f54a021c0ca3531968d,Debate Club,7
3d67cde9283444c094c8b3b4a911d192,Drama,9
2812859a1337439e8d4f5d272c7f0b79,Debate Club,10
b07aa066735445eaa8949b8d00af5b3a,Press club,2
085b15fb4a8f4810b84c2f29980402a2,Art,6
48603b32b4fb4eb989c13de73b4206c5,Drama,10
1238d630743b45a29c0f2fcfb3f6fe0d,Sports,8
43b9da13ec854f37bbc1a987aff8754d,Press club,7
96fc734da0034d288a8f3653c9af18f8,Literature club,8
32a447b2ef04457d8dccc33aa9434aa0,Drama,6
398d1ca68b6840b59d61fac36cd5e859,Press club,10
44007d5ae88d4719a6242b40a5cb63a2,Drama,8
0f44704f12474a4ea46998e8d39e198b,Sports,4
9854ce4e4ebf45c38ae9b4a72a79ea68,Art,7
ebd3461691b74d8e93016989bfbbb17f,Debate Club,3
77fc97031fd54423b06c5c5649e2623d,Jet club,10
670acc5cb3214f218dd8eb85b04d3376,Jet club,8
8a3c3b5e801e41da85b1ed25f1533ae8,Art,10
9918ee4614974658b010f7197e695d0d,Press club,4
bc0a6a5d6e994e3ea3b137fc0a3450fc,Sports,3
069f14f140184c6e9a8cfa3c5283aac7,Art,4
ac9ed156f63f4e41ba9aca5e176132ed,Press club,10
964db03f93404fad9c4ad56bd6016237,Literature club,4
c3c75611ffe34a49854f92fff366bad4,Drama,9
9384ec2b44fe4cae9248a9a7ac1aa554,Jet club,6
2cd94cbbc19a458c835b1c8c0a4c9f7f,Debate Club,1
7135f221a6c9437f84dad06a7872bdeb,Debate Club,4
ff37d19c2e76428b873544f9ea83bf00,Press club,5
d0725b5ca2814044af96288295d82980,Drama,10
785299f4175b498db81401027de1bdfe,Art,8
5230dfbd555342fea889803e5913f9d3,Debate Club,1
292bd156db9445709ac70ec0ab8ddeb4,Sports,6
7ed70ed7b194490ba961929e546e035a,Press club,8
668409e3f1f8443ea99f131849c8a43f,Debate Club,10
0964fbbf8cd341b082b01cfdd045dd1c,Debate Club,4
409d360250844242968b1625746f7891,Jet club,6
c5c5b37af85e46a19dad09b252c21221,Sports,7
d32e6dcd83bc44789d6ac7b86778043b,Sports,7
de8ede0ba85c4e4a804b6fabfcf56188,Art,9
0de051a669ca47d2b64414fd8ae769ed,Drama,5
9f64eeed5c9d427d84b871bb300568d2,Press club,3
71299889a01a4992bf9d3e64c1a6423b,Art,7
445dcc38341c44948d366dfcc28ebd70,Drama,3
49bc473fed7b4656a18a15368c99a894,Jet club,8
7c16128db2c04394a17f29e170286046,Drama,4
a14923c2f920464c8763fcd01f15c7b6,Press club,6
b5b453ca3d42493c8c9fd3349bdf0377,Press club,4
03802b708d03491e8f8d5238288b78b5,Press club,4
3985fb6217dc4effa87213f98d605936,Debate Club,2
1d0bc9bde9b545cf97665cdafe049059,Art,6
a5d04d531e1242e3b27292b6762172ed,Debate Club,9
eec259dc7f95497ca76aa6ced50755d9,Press club,9
b495db4e82454fb48ab7706eb77350ca,Jet club,3
7b85179ad5b047e0aa5d932b45ff2c83,Jet club,8
74eff5453e654603b8e3654bfaf14ff0,Art,8
30cbd7556232417aa50741818d1fb540,Literature club,1
bf0d073d821c43369970cf60ebff8d15,Drama,6
11df12d7dd304e89a2f235f2e11b868d,Sports,7
dabac50dca3d485985ce099c46b82659,Jet club,5
c9a7d91fef2a4713970210496a39aaa6,Jet club,8
00a81de9d20f47d084656d6b81fb18b3,Art,6
d664d2644c6e47ffb9de7a3a486822b9,Debate Club,1
a8f1e091ffb8402d9475dbc996418ced,Literature club,8
7250ee18260a49629d81b7f57d5911c6,Jet club,9
551ac8ea585a4afabbfdcc1289e06ab3,Drama,4
6090d6978b1e4b9d834b9fbb8d4a75b8,Press club,8
de9e37575260401eaecf67d2749176f4,Jet club,8
3d225c30b28f41debb140bc3304b8590,Sports,10
db23aa8c3bca4f85a20a60ac9261549d,Jet club,1
517400f80b2c482aa9288e92c68a152f,Sports,10
e9d68f23b4894070b914f8a8bea4ff31,Sports,1
fd08b32c62d64e93a1985d54cfb87e6f,Debate Club,7
a6eab79ed21c42f88ada4f80a9e782d4,Jet club,2
f6febc0e7ecd4bafa6f05fcffb16e5db,Drama,4
f72169bb80964718a051acef097a1e10,Sports,6
19b17e80dea44e1794fd9ad39716108e,Literature club,3
1986b4b270b74868985480f0dfcaf0b7,Drama,7
03edd1f874f94d17a912b4bf86a4bae4,Art,8
def5768968f44bcea4e75e8eb8f21423,Sports,10
1327f1bc2784478fb84f16b3a79fbfaf,Jet club,4
43d88870f81d4aa188120a8e78308930,Debate Club,2
65c17795b15546bc9f8ded9756abf2f1,Art,4
541cdfcdda0d4a5f948f8b74a65bb1f2,Sports,6
889b78d5dbfd497eaca2b148da330aa1,Literature club,3
a075e92751104492b4427e0b61484bb3,Literature club,9
7cea2045c268483ea32f2e63b7fddd71,Drama,5
9e11d2cd09304ef68a80068ddf547e50,Art,1
af34cf65a19344b2bc19e71d118405ad,Debate Club,2
3a3c8a71ff574e2b8991ab9bebc2026f,Jet club,6
fa7457616f1841089723199dbf2c14a0,Jet club,7
b4323070a23d4c2f82a796891933918c,Sports,9
2a96e1e271944ae299bad7aedf615a5c,Jet club,9
0769165fe7464cb98ca9cf07b1aa0f6a,Literature club,6
0e5dd462cbd04ef2930a37df0bc61066,Art,8
6e417d475ff545ea9bc440f14b1a269b,Debate Club,6
697c392387fa441abe83b91f25440fe0,Art,3
2e183554cae24e66ae8a781390e0a95b,Sports,8
9c07a75114374509acd1586a2b840c67,Jet club,10
aee1e86b9ea546aaa1ee6c5bdeef580f,Sports,5
9549c931e9af499dbf671eec3da70577,Art,2
a34db7c5760d4bbbbb70b3a124a35cf2,Debate Club,2
aab612c9415d474ab5a669814104a8b5,Press club,4
771ad655cdfc4ee0a61ede900267deb3,Debate Club,8
8beddb12ad77482f89a23a89e6b5a92c,Literature club,7
f1faf665711543f392e89d1028711733,Art,8
4c955f6a966b4964bcd6bdca5876fd09,Drama,5
b0b862ef6c9f42b9b6478986a3917c99,Sports,2
4d57d880d865469ab4f3310340066ff2,Drama,6
da743152627b41a1bfd6f23232ffe294,Art,6
61a117293cb943509b4da0fe7bb38605,Drama,1
4bbe4aff93264ffd9be4bf5192698698,Drama,10
059dd55d4b944e30b303f438fe2110d0,Sports,5
6553867da8814fd3947d577bfa5a91ca,Art,9
dd750e9890e0495f8212b554464458b4,Debate Club,2
f93e08d5bea24dfe873f6e1baf908e3c,Jet club,4
bec39a379b3d44bda91e314e0c8e29e3,Drama,7
e726be23e77648869534ee1d7f2984f5,Debate Club,1
3ae909fecc8248da8696f5e64944051b,Press club,6
3810ae665a3144cc8d4b69a99b689c88,Drama,3
402913ec9ef2493eb0ac7d7ba2f963a3,Art,1
c478f6f1b88e4318816d83edad81f8bd,Debate Club,4
2303f6c6d69d42f1ae4c84ffa8c01f05,Debate Club,1
a0a11839e745470498dfbc3ca0d4de3d,Literature club,7
c9e260744f1649a08a17991ea5769411,Jet club,7
5d678bb1945e42e4888a93ec70d9c9f8,Debate Club,2
e8dd5e5a17124b16a1a4344fbb7bee03,Literature club,7
6a5e6920bf5a47e693a3dd5a4b8c5bdc,Drama,1
c958e75e21d54971b36749b52cf6bf75,Press club,2
5da8d6d2f8b34a8ba05fb8bc8a16a06c,Art,4
45c45a3ee9da484a80759f1f87e5f0fe,Sports,8
e9ff1cae41c84a8caa1f955ad499da99,Press club,10
f7a67b947b5a411ab1b64afed31edf1a,Art,6
ded255d0bf1e43668b8e63d4ce7607ad,Press club,1
77e490c71d7b43138de22f1c56b60afc,Jet club,2
c1101266240846dc9346d1a9f6802cdb,Drama,4
ad238d36dc324c97b9c1e262f76c8ede,Sports,8
65bcc272fadd4ea3aca5e2fdb966442a,Sports,7
8eac0a33cdf944a79882b5c1f79efd70,Art,7
6502d6a2ca6a4224971e16cc5da36f1b,Press club,5
1fa382e8895c4d9983b38eb403902c5d,Literature club,8
bfbf397bac3e4b0d9e5ba13d746cdb77,Art,4
618ae30595a54afa831d029fac1e86d8,Press club,1
5f18e583f0b6483fa377f6f1d289f0ab,Art,6
78b2b5493bdb409eacc216a01bbc91f7,Sports,5
f1738856e25d46eb9e9a9f83066803ee,Sports,2
9c2e58deea4e461793f8382b8fb864e4,Drama,9
a2a9d4d8102e4de5a5cc8bf738ab854c,Press club,7
b379cb1ee8cd40ccb6da3ca0d2e82f38,Jet club,3
1dde7969688643dba6348e784d5c55c7,Drama,8
0986bbebf23e423d8b9bd93423c86d30,Literature club,10
1dba12677e1c45a1bef518a64dead645,Jet club,10
899ca782e3234d1abc1bdacc18e19331,Sports,6
5efa9c5b74214f46a37e4b0122bae10e,Debate Club,10
b24cc64fbe3e4e57b30a9e32aba4fc03,Literature club,2
965befdf6b4b44118a4a0e2df22b5b98,Art,9
e2aa7a5d278e400dba0266efbe055787,Art,9
d56ce8ea19594b5aa7a8f6366a35df59,Art,2
f065c817687a48509d9b62317d45d8ef,Literature club,4
b0b63bcf08604833879d0cdaf396ea37,Press club,1
71d7966571814dcfb79efc6e5edb0d3c,Drama,9
5cd8fe1adafe48a9bc71e0bef3579560,Literature club,8
5e09a9eeaf884decbb1e143b196f4dfa,Literature club,5
a5135ea0fa53434da6d5901d8b621d41,Sports,2
46a02a9b65ec4acd8f8035f55bd20c98,Drama,4
f2f25eef1f454bfdb7dc67e030974b2b,Jet club,9
1777e8cb74684b9892fe2fded918b3e5,Jet club,8
a3b5cecea4464e72b64c911aa9ab364a,Art,3
0cf2b69b05774ea9b899924698de8ebb,Sports,4
fd235def3e5a47e39560db22c96b5edb,Sports,10
34885a4690884eaf89776598203c8c25,Sports,6
8de08fc2c3e14a85946ef10411906f50,Sports,4
d0243d723748467f961d33ba350843f0,Debate Club,6
c63d04ee541c4a86bba5cd2fdea45c19,Art,8
989240ace68943a989e48e8c25c61c45,Drama,7
fbe94499dbc040fd86fb7bf300b9d4a3,Drama,1
8a4b8f7c21474a15bcce96f6250a4578,Press club,7
1c24220e2cab47e78c6b66e5402adf9c,Debate Club,6
21bddb41069947319dcf8766a93b12cd,Sports,9
c9d6a63bca3c4f5f9bb5c40c03cde2e3,Sports,9
040a3aae52e24fd996bf10ab3ce915e7,Press club,5
20733f6d0d6a45b383ef20162c9b662e,Drama,6
1d181ee986ad4a8cabc4123ebde13c1b,Drama,10
72c22a1679eb4168904556e5bee3eb79,Literature club,10
97fa7f04836340079cae9610c72c1fe3,Jet club,3
38b77c0780fb4296b3b6a09b1beaf6ac,Jet club,8
ba2c98ce0b19488e9d77a45ef206c269,Jet club,3
a8addf36ddf245eba8a3f341c8819065,Art,4
a4b1f991754246468d37a539857dd3b3,Press club,2
ffa361be0f9240e187f97d05f6ca6b8b,Debate Club,4
6d20449666d0437198e88ebb7a9e8eef,Art,8
b65feea97d8242649ba362e7afa415e5,Jet club,10
e63658c912d0498db18d4d05e8e22743,Debate Club,8
25f934bf9bb941559275eb9414aeaf5c,Jet club,9
9fd34579466742cea04e178c10d08d11,Debate Club,7
b64fa54a8c61465495da75c1a21150f9,Debate Club,3
98eeac2bfe9f4caaa182f347533f5a72,Debate Club,10
816bcb9f742641938b7e6b3c87d292a6,Art,6
cb08587d1963426dae218b099afd4015,Literature club,7
a79b44b6da504fed9d4a3d81b3a7d0e0,Literature club,9
8d244e3ec4da4ddba0b15abaa6a27967,Press club,3
6e191042370b40639d90e79eb888f6ed,Jet club,6
69efafb13a7e4e14a359eee173991a47,Sports,10
66132e697418410993d1bf0f56c438e4,Sports,3
50032b3518574bafbac7e2b96a7e4c36,Jet club,10
4140752caa44425990018b7b6d4067f4,Jet club,3
afd380c42713482cb41ea3ac5fd23109,Debate Club,10
175a81ec112f4612b9699ed2ec48bf55,Sports,9
6e8f75a117dd4d8195da705cd4ef00aa,Press club,7
5f65c8cebd214c11be9d61ee18b87245,Literature club,9
0f5ae9d38e6e4003a14f3f12cfd01cbd,Sports,3
8fca7b6a8fc44092b4e559e596229348,Drama,7
692ac1391f4a4ca1ab85fd595463adc7,Sports,10
f0ede303aa53419c9fa4bb9f5a856750,Press club,6
ea74bb18de3b496fac4596f6c012a0ff,Press club,2
49a214aef7e848e58d2b91efb8976ec5,Sports,5
1a85910d5a054c118ffca6b199b479d4,Debate Club,9
279c658a36764ce581e5c9f693f277cc,Debate Club,2
d8e7012f39684c81bb70c3b8a81fdec3,Sports,7
8e676a01d86a446099a1120e1bb43332,Art,3
47503f1dc33a4f6c9d691fba5e187b24,Press club,10
6dda4f8dcea64f4cb9e58ff092f837d4,Sports,4
c4767556f97b42dd8f9b72aed85c16bd,Debate Club,1
accb461a9d1343639f294a8bd1846c39,Debate Club,3
9be7173706b842318e867f3ca487eeab,Literature club,1
b18753e6d4574ad9a867a096edd877c8,Sports,5
45f50c522e2f4f77876979d644777442,Debate Club,1
ebe9e2074f194ec0832d4526b3e4110a,Sports,6
2e7098380190462099dcabd056febfb9,Literature club,4
a847bce790fa4b57a4ac2130deaf528d,Literature club,8
bdb025ff245145a491d059b26699cd99,Sports,7
177d6e7e07d944ceb8c88faea2178f84,Art,5
604e46cb371242d187cdb6a1bf012e32,Debate Club,10
284bf96257444596b42221676b7a2460,Jet club,6
530ac1c7b8ba43688fc777685ebbcca5,Art,6
98a21f1c914d4faeb10013a7c6deb2f0,Sports,9
27d415b60d7745a0a222b6a615bfbe97,Press club,4
0cbd3c039e2a44ac8122b5b3284c03d2,Debate Club,5
716fda0a45a8482994e286e5ac8936bc,Press club,8
9b69554d7c54435fac8c3b6aa974d079,Drama,7
372f871a45ee432daa07f2137129cec7,Debate Club,4
585d3f861d2344e6832920b7c143f426,Press club,1
ad9fb00d4882473c9c6345ab6e0ed1e8,Drama,6
86e527537c9346cc97d7a560adb14670,Drama,9
3873e57f0ba048e88ef492c1aac93316,Press club,8
0e0630cd996d4c50bc04a168652ffb49,Drama,10
f200c2614d2941abb45512f701f7c7ec,Jet club,10
c3a00c6f232141e1847104c036136e15,Press club,3
1eb74b5653ff43a28a1935014169b9fc,Literature club,1
6e3f683abf3c4140bf54a51101fa964e,Debate Club,1
8857511761554667a112507c2cfa55b0,Jet club,1
8f0881ee8011416bbae88926b423ccde,Sports,6
5aaab32fce6342b6ab05347fd556b37d,Literature club,9
bdf66ba5dc9c46dea5a674c212738a23,Literature club,9
75b2745504cc4edeafac16730ad45230,Press club,5
5024bdc6dcb34df393eecdc6ebd14d2c,Debate Club,2
6788420992ca425aade593329364f3d0,Literature club,4
4a1dab326aed4dc7a3e05309b5a1b949,Art,4
f758dce205564aeaa7b032831d7c0098,Debate Club,1
f296d9f0cd2342c2abffe17b532401fc,Art,6
b08a4895d4ff4666b5c8e90d9e3d750d,Debate Club,7
6fcc57dd168f4e129ca260c9eb7607c9,Sports,10
6f887f283e494d099b19d8b8d8302081,Jet club,1
1422373f862248d1a683e10796c044d0,Art,2
beed10b64f6e474b9edab0276550f74a,Sports,10
c77444cb55434c3cb8b8f24e56ea57b3,Press club,1
a21b030782af485c938d994c2b0abedd,Sports,5
31a3ac4d828c47e787d5b7be1d30d990,Drama,7
59e1ac095970485986b6e4ade7ea8d5a,Literature club,7
a53bc024d1a64d87b54e2019ba35844e,Art,9
1a5165ca3c7c4d85a5cf0041d0a643fe,Art,8
2c6a6e9a328047a18187222b257d5e52,Art,10
c257cf73c29d482ba722796e9a36d1ec,Drama,10
f387e1bd2d5942c6934a5a2fa7cf705c,Literature club,5
76c5a0dc7e7e4419a0c14035c5d95f51,Sports,10
9458054ec2874f069050f7efc1235c91,Jet club,5
e1cde87fec954f87ae5ec36572eb7474,Literature club,6
fc8d5b93a2a2491fa49b1cd99082889b,Drama,5
f891b0c3dd3f487e92bdc6619fe0a8c7,Art,4
70944bdb26a544e390ee7a92a09151e0,Debate Club,6
a1a2748571344c2ab80b3657117b355b,Debate Club,3
97674900465143678bdc43184d85a3d2,Debate Club,3
12fe28bf81e044899a18e2a30e614bcd,Debate Club,8
09a0a0f673b04091b634c1694f76e388,Jet club,7
497de16dd4ea420a9e6596540e9058b6,Sports,7
fa34d2e8dd3f4d7ea508dc9513a4a492,Press club,6
98159d6c9d714084971dabf9daf481a7,Drama,8
949077c27674456fa26d719d81cf3252,Literature club,5
bd29ede9cab4423bb44883858de7ad6c,Literature club,4
e8b77f7b73214f6b8a8076ece5582e16,Press club,3
30307633a6de41d8925817b7cf501889,Sports,8
80599b9379c242e49ae1a991524f93ff,Drama,10
73557b9d0fd6447eb52d4af2269ed4c9,Press club,10
d65e59dde62d4d068f9b85581a7f195b,Press club,7
15969802b6dd4257bb7d9f1c57eb89b1,Sports,5
0a0537f02c2c422ba56895c6812a1f9b,Literature club,6
fdb1429e70104d13b526b22d3f6c21f7,Drama,6
9c1c351785d240a686295b5d707df251,Art,6
eafde7d95f734a3e9d286aa428a39779,Art,6
c643530068a54c68a32dbb5e486bb6bf,Press club,5
0d67d38e990f4c5badcc3daf569f3ab3,Debate Club,6
55ab946da5b54dc2a181c85eca0ac6ac,Press club,1
8ed6ad5e18314aa394669d1910df9974,Press club,6
4082cbb948bd4b3ea2f5df2badaa44ca,Sports,10
f6e39356a81445629a003f16b9469bcf,Debate Club,3
267eddcedf8f41979a4a99b2e806133c,Literature club,5
a9e27ba9952e4abb94dd5061555736f8,Sports,4
4f6b58c8598d4aecaaafe5432434a678,Drama,4
a981b098b2cf452da7f333b3f7baf55e,Art,2
b576255e98544f22a102f9c964575bc4,Jet club,6
8f1584494f40422f95b02530f020e992,Drama,10
54170a17caaa4bbea4bbf962606e0e1c,Literature club,4
b3ecb951ab8c4f97a0b71785d02ce0c1,Sports,9
ff4625afbd20463bb275b5f3d436a7a8,Art,10
17ec889c86c146cba99630f7af77520e,Jet club,1
822c4d326c644c15aba301cba561e1e9,Art,4
4f11d8dc5cd3436984aac1b75ca0c428,Sports,3
577bc55a36d54494b37fd50d2e25b5ee,Art,9
312741487c7c404e8422d03ef29a6339,Literature club,3
27aa7cbc23374bbcbffe77c839feb99c,Literature club,10
c9c23e69d82c45658bb907ec13c11754,Sports,9
8a2e6a93c5584bb281f7f3fb19e45c6a,Drama,8
86cac6f4e2384e93bd17c5e8d5ca69ab,Sports,8
e05b46c556364094a97431db09a9d1c1,Drama,1
98e52499218c4e1c9e374f7ac42cbc39,Literature club,5
2e4bebc429894880a77d1be96070b6a1,Art,8
9feefdffc5664a81b15e54f6d4d30795,Drama,2
b89f72f32a604652a7147668cf1d7d3a,Debate Club,9
5d42b9e9692e47b68b2f6d5c700b5d5f,Press club,5
f836f5713cce476cb836c448ad261ec5,Drama,6
c09cb50648f1496d9c4ffb4671b701aa,Art,2
3be79df472ec416e88a723e9bfa016c2,Press club,2
f73157494f3949a8bd3a258288b4f474,Sports,1
e76adca97811480288cc7cfecf01f944,Drama,5
ada584175e2a432db1ab0b56d5c9fdc7,Literature club,1
70cafdd8fc044f0892070158f2771f63,Press club,8
c73323044822412084f9eccd7630a8a7,Press club,9
6b2d5b0987074ad480be7e3561c2645a,Sports,5
331f63fbd11f48c0a97ca4fff75d599f,Jet club,6
df7d0dd7236e46089acb394acd1f5318,Art,6
7b07fd31a4244f238d5ba7cd400035f0,Drama,1
ef2ddcc48df641da9f07c1a5dfc620ce,Debate Club,10
8412a335d88c456db61e5fdb1a435206,Literature club,4
1578d70948f943d09feae1e0d9e604b3,Drama,2
7306958845d5468da90a3abbc35b9fea,Literature club,10
d4bf7a4b25b8442f836b15c7e7c225da,Art,3
e916da57f24843ab977a8a5f6ffe33b3,Sports,3
e27718c5737d4fb6911376e038d77b9a,Sports,2
6a36af1806d34b93ae33688d597e6845,Drama,3
5fbbf0b1808349c8a57e01c90da23e5c,Jet club,9
14e4180cfe9946a3a2dbc8503c5bf3a7,Literature club,2
519554e307374c86b97b5f515ffa46ef,Press club,4
b6f6dbf1d6d441cc995d82f8ee4a9b5d,Debate Club,3
25637cc3ca974bf595d596afa663d2cd,Debate Club,8
eada79a349704d9a89ce3cfb2339ba19,Jet club,9
d4c3a832b231460bb8f2ce6bd46b415d,Drama,6
781799ffb49e44cc824369e72387eaf6,Art,7
e7e646c7015844639d8776a072d78bdd,Sports,6
3735262d41844b0384dd7054144823f7,Jet club,5
f0b2a5d18c7e4f42a646eaf9d5c0244d,Drama,2
6c5a6c93871c48849bdf90f2ba2c0f19,Drama,1
3cd5fd7f49c1466986b33fe61c76bdf6,Jet club,2
3d0a5f0c0c394ec79f3174054d183eba,Literature club,1
9f708368cb3c48caa39257316b79afcc,Drama,3
d6312a801c614ec290142131750565f5,Literature club,2
893ad23298c343cabff4cec6e7b7b4c6,Art,5
93364f7e83ef49f3a1c7cc8a04351b64,Literature club,5
4a90cd0c24c143b9b7f285723defa849,Sports,4
5a5226e69d6449328066853d6de299a1,Art,10
2ff3cde46aa44c9f921704753d959e3f,Debate Club,5
8603156a15ea4bcfab1021ceaa143cd8,Drama,10
f412436011534e999c508720f982f4e0,Press club,8
c952518581e04a5e8b48f49686abd4e7,Press club,7
0534a1018ddc471981f38dd4fd034ada,Drama,7
0b251279785a45d09f92a62163f4c69d,Press club,6
5f90bed6fb25464da30aa767a2bb522b,Literature club,10
5b6a810204284378bf5023f440ef3935,Debate Club,10
3dba6da8584449fc914b9547c9dc72b8,Sports,2
1a89b71ea0d542c8a837fe68bba205ca,Drama,4
c1b5b5cabc3546df94f79dbac5811d2d,Drama,2
5a3045280b594562a227219f551ff086,Jet club,2
a48e40f1d0424dfa96ab087a8bc78e81,Debate Club,9
af475b49c7754395949405f02cd2a404,Jet club,2
7a8104deb20547bbbb16f75776f186ab,Art,7
2285b2efcfbe4fe9aea9c542a1b970d0,Literature club,8
f1901b7ec6b449efb74eba9310275b53,Jet club,2
339b77a84b1f4d7b8977c513752a7d25,Literature club,4
e2c328aa331044758a8622250b36e356,Press club,6
4f612217eef1469490cae32d0aba590e,Drama,3
d0be73eefd374539a5f202f983f02dc7,Art,1
095ffa8140d94bceb930ba208b040f49,Sports,5
493e904d30ec4796a59b457fc0d7ac73,Drama,2
0c3ce284c7e54bbb9cb51c535b62a8df,Art,4
45f1861954f94429a7de02ccdda4f4a7,Jet club,1
6fdc0bad5e3641278ca1b45c1fdd980a,Drama,4
7092947dbe4949eca667d3bbe3b56360,Literature club,2
56cb1ab062fb46d7b4dbca07e506f670,Sports,9
b12b66807f074cb9afd340c0f945f2fd,Press club,6
cc1b4157ec9f4c549e0a72ab7f5db163,Drama,3
15260718cd184a828447ceab84ef4324,Drama,4
6e3c453214344f62acac028cba220065,Jet club,8
2e326567d284454ebebec0db9a3a6103,Jet club,9
1a43db54523a49938b3446bc8ba435cc,Drama,2
4baf0f5ea932409493f28f11147f6570,Drama,1
b7b8c1a59a45493db227890e4e76833a,Sports,10
71a3fad2b0944d2aaaa93b436d15f16f,Sports,9
ba1082170ad749a2b27716ec59fefbbc,Jet club,4
9d66e8155a4143b3a95f176cdebac186,Literature club,3
a3b442bd46494296af5842c3ff86cc31,Literature club,2
0eaf04b5f2a94c8a8a9e4a62fae3114b,Debate Club,9
67fd64c4a334458aabd2b5121335e5db,Sports,9
bff9507dcd14403e83599af65d01f55f,Drama,10
07f8d4f0f3ea4184a8f4e3ceadedda80,Jet club,4
ad973b679b8945cb9942644c248d31ec,Drama,2
20509c6208e845d7b02c1821c8040fb7,Drama,4
a52964ffc74c4890bc6a3174113634a5,Press club,4
f31046dc62024ee69cb5e69c5dc7b3e6,Debate Club,3
2747b93c9ae74eab884a67809136f1f8,Jet club,2
5ef787b8f2e6495fb32e2016add702c9,Press club,6
13aec376c359410ab1a6014c5f3c44dc,Drama,10
5df06e8c878a4ed9a33ffc8292ec89af,Drama,7
4758367ba6494cdc907b907265e58f34,Debate Club,4
06a241af1d0a47f7b5e4a4713fe68c9c,Debate Club,1
848af4407fc14858afa0d842bc55300b,Drama,4
1e2595b88fc9486ba9ddebf563119aca,Sports,5
b43bd27f42a249a6866412854303cbc1,Press club,5
9ca3fbb3ff1148bab6ee1640723ef466,Literature club,2
ffa623d0ea9e4c8db1a8b71f491b90e9,Literature club,10
22bf18f51f654a87b33ee3447dbf4bc1,Art,8
2c33350c73b941d892f5131ada52d2ee,Literature club,7
ff4c96d671f24e8fb69f68c3e60fd420,Debate Club,5
f7b217c7ae924a718f7dcb431679742f,Sports,8
aaf78c6751d04109bc902838d8741408,Art,8
8ccc9cea109f48eeb5a4720058f0dd23,Debate Club,6
4cc9f5f2e42e40378a552ea08acbbe09,Literature club,1
b5a5f8e6b6394f04a8524385d9f2dd0d,Jet club,4
2c913a7ca3404f08b34191b8ed6522b4,Drama,4
3967e60a823d41079c8ac066cb2fafa3,Drama,7
cac4d0eb3373430ebc31a5971f119c0f,Press club,8
7e7838c9ca55438bbc9abe10238d6f44,Literature club,7
9280c5aa8dd4495b9c63b6f306ba8cd3,Sports,4
fba6abf7cdbc4653b7a7e8b75e70f65f,Debate Club,3
e25df9a89ca845c4a138afe08d38bbd8,Art,9
65edcfe34f2d4d3f90d4de39161237c9,Drama,10
7a89cbebb807478ab788f5d1ffe575f6,Press club,9
68d0a2a8c4e747dda929de738693fd9d,Art,7
20156a7212e143a6932cae01d2c65ee4,Jet club,4
12fc7a87a4704d489128b9b1f8ede0ca,Literature club,10
8471b4b0ae1b4f69b740d83173318749,Drama,8
d43cdd6de0c14f1ea0da897258321ee4,Sports,2
96792482a3c948e48d2238e6c7bf4fbc,Drama,4
21084dd9f75d4e3c848d56502e9522d6,Jet club,6
de431e06e924406980bbae526ec01269,Sports,8
84a2576c1fc945f894d607350e2f8958,Debate Club,9
2976aab22a2647708ddb1b36272c0588,Art,6
39b86bb2b5964a7caf4afa885299e505,Jet club,3
84d67c4ff0df4684b28e41225894f7f1,Sports,1
143029a9d88f4c9488b763d5e519dd7e,Literature club,8
f4d375c1a29349fab240d7a14027ab7d,Drama,10
a0017720200b490386426c458d03f17a,Press club,4
17eaec838892442f9d4b2bf94d85e9c7,Art,7
9780c2152b2b48e9a417c09380a8a23d,Press club,9
2bd3cdcd2779468594a53fdef10d27c8,Art,7
e6e987cab87b43849fddde2ea8a2b7ad,Literature club,7
ec86a890d7b04bdc966e3cbe9aea622f,Art,1
dd20c3bfd3424f088a8bb5b490494583,Literature club,1
f2d3f7610ba3427994cb056407437c3b,Literature club,3
43c07d4393a747928561b8dca4364fcd,Jet club,6
92779574c4574cc3b5f789bca6b07458,Jet club,2
07c0d116a3944d549e3c5a886aa56e6d,Debate Club,3
8baaf744a08d421ba3954cb17f7f6c0a,Drama,4
4d560a3df4e7469aa45409374a27ebf2,Art,1
ceae71cfce004af0beb051817ba24588,Literature club,1
741b77f54c244053a7f5ae02af5b8f47,Press club,9
2877f5d90f5645f8b048faa112ae5c22,Jet club,1
76e5ae787bf741d3aa662fce7089fc6d,Drama,7
24c778a59b4e464b9716dc2e343ada2a,Debate Club,9
51beb80eb7e6414c9c8a49225005680f,Jet club,4
586a346adc5b47d1bcef1972bbf483ce,Press club,10
c2baf0e0217943f0a6124ab4f9b21e6e,Drama,5
1b2ededb8fc84fc083d5bceb5edbb8ee,Press club,5
1f5d988f776a4f09bde2885951b1943c,Debate Club,10
24108e9a3f774caeb318b96d44790612,Press club,10
f204be894a4b45638cf477ef18c8a616,Literature club,6
6b0ae0e39d8940479d39d7936257a4a2,Drama,6
e6fdd7afdd844accb67294643f8ea40a,Press club,1
ef0a573d53d2456d9040158728e213bc,Debate Club,4
3098f7b2500e45c0b89bdf7f93e34c35,Art,1
fef7d9ea7f8e4483a8caaa1dc35bec2c,Press club,5
e10b1a477fae4748b781321e83c501cb,Debate Club,10
170d750705ee41d4bf53a88e4efc8248,Debate Club,9
750d112e81644eeca4ab851bf1fac6e7,Sports,8
95560a2d37134466bda06476f778c676,Sports,3
4806f8040cf0474c8c74dc0f5a575539,Sports,2
d7c4fe9ce1e04ffc98f6fd7f7eb162f1,Debate Club,6
4926ce5f78784140ac2a4f71a77d95f1,Press club,5
1b84edc3d8e049de8217ea0e896490ab,Literature club,2
43b47ee5e1e84e7ea2498f666e51484d,Art,6
673ba8bdc38c4dec9da39a73ba3df7ff,Press club,8
0d18ab95668c44778b95017c5dae1201,Drama,3
5cce5ba931d44e098fd33afc91fdfa4f,Debate Club,3
62e7c1a612d24a0689e1cd138da00495,Literature club,9
8cc36f3bc3af4cfeb34a6ca38116e3fc,Press club,4
9f8cc29ffd354c5f93479a3b479bc637,Literature club,1
20f0156a1e6a46289c6d52d5ae2e9af9,Literature club,10
5f89ed1264d64fbf98c01e2bf99f0704,Debate Club,6
8ece112856ce4b42bc9e1dcbcb7e6268,Jet club,3
24eeb4a6c14545c79d986115f05eeefe,Debate Club,2
66c14dca82554a619a3b031932f57510,Jet club,9
09f644050b9940348a4e255280051b10,Drama,7
cdd0b4d4554247deb6adf48b2314d0c8,Jet club,10
2620f9a974fd43d184f2fd0f79474bfa,Debate Club,3
23c8afdb83f84f16a4a4474c9b33e3a4,Debate Club,8
518b2f219cf24859ae6e2e7253f591dc,Debate Club,2
9dd2f9defd984e33a498abe92999bbef,Press club,2
97fe56c54c9a4f2497b4c294bd44089d,Drama,9
827c9f8cd40a45e981df6517561c9210,Literature club,6
901bcdefb56f48cebd66971e88476c56,Art,9
044251dbd0d44a67b9928faa4cbf131d,Literature club,7
1c0f0bdcac7e437c94cc1e2a5e4cb287,Debate Club,6
4ec3f970956d40e4aaa26216fada98f5,Literature club,8
df41e335b9ae48e4a61599c8cbf81f86,Debate Club,10
98cf118806d24913a1173719b023a0ea,Press club,9
a7d4cf50f79141e583f9cd6b797ebe87,Drama,3
9416e4dcc6b24defb8d8b7f1c86c6544,Press club,8
0d259caab8ad4d87ba4045dd93dfd907,Drama,8
863417182ba64db3bafeb1149561c813,Literature club,1
c64c96479ea7417cb89f7039a107cc46,Drama,1
d25864f225d440fca1542765d756ba9c,Literature club,10
9293f70508154147be00980eae441e21,Art,8
30d73df71c224ceab35556a5f2bd92f2,Art,9
6b352f85504e4687b0e7e75604d9145e,Art,10
34323ec6b0c4401ca9b7c0fa26c432f6,Sports,2
9c89d374c66445a780773e33690e7e62,Literature club,5
d92f3c1edf704b2ab8bb22a5eba742d2,Debate Club,1
b4adaf890ff14a9fba370623bc5fd4dd,Sports,3
8f9646853514489084c86c4623595fa4,Literature club,6
7a768555a9874218bf84faef5336723b,Literature club,9
f4e9573450524700a07796a38685abaa,Literature club,8
887b03e5e9804808b5ac824c2c55aef7,Press club,1
ad05b9125ab24d4a8bd88fcd57a2be4e,Sports,3
ae455cc6b88e430f9e1e994ac5a11f5c,Literature club,4
43ad3d62b17c4b218dbc2c1ca4afe7bd,Drama,5
f514105831384975bbf33a349c2dfa97,Debate Club,1
4c6a70f48ede444d876cf68c3f1be0d0,Art,2
fb756923f9104bb3b10532523990e2c9,Drama,3
b474634949fc4cd8856bad4c4c3077c4,Drama,9
7d2f4e58b47a4c5bb0b3901535102852,Jet club,9
8f7c1d59594b4a3abad465a15129950d,Debate Club,8
b8beff3dcb9f4f6daf3a6f27ef06fccb,Sports,4
92cf60211f33442d89ac908746015028,Debate Club,10
e5508ea26133434d8b0e8eb1ad371d9e,Sports,10
585abefbd1814f77a5001423faebcd19,Sports,7
257f7595cdfb4db985e78b23f4613f09,Art,10
f48f709c49a244418ac4de854a5b1aff,Jet club,3
ec8be53758ab4778943b45e3b6d1f6bb,Literature club,6
bf51936241a64feda7edc8d8713f8f8c,Press club,3
d3f4a49b33ba4a88b6c7d6fa7aa4f052,Drama,5
8fe069b6eeda48028568f42689e03e22,Drama,9
1bf645f6232442118588fc1bb2384849,Press club,10
3d4196fe963a4617bdab07e79d9d028e,Literature club,8
e7ba26acab7a4d1c8cfef6833e11bafe,Art,10
3b9b2d45a35045e4b9c59df987f255d6,Drama,1
548e1f6b69ce4e4e99a692c90d700ea4,Press club,10
ae62990c19bd4f93b8ef7666b7a4c719,Jet club,6
f6eab3a001534221a3310a28c550eca8,Debate Club,3
286ed390edd94a1aba585b278ce3e7c3,Press club,5
e1721c83ef5e4376a723fb72682b163a,Sports,1
a689b4247a3a40e1b9c773a0e0decc3d,Debate Club,7
4988e418f6c3421881836315330f8be1,Drama,4
0f25477da55940e78910fade52380bf2,Literature club,9
a6fd0cb116e645c084cb294fe86e8e63,Debate Club,4
bd1a8f4b88ff4d40bb72c86d92fa675f,Jet club,8
098c60b3efc9409e99af6e09b91e3d6e,Sports,9
6afa828c2cd14b9fabe5841fe9c96c52,Jet club,10
ef158d5b2d004d05966d4627e1dace6a,Art,9
d61169a1ff4646bf894d916deb6d2fed,Press club,4
2fb21e667ed14aab89b7c9bc65a16fa9,Drama,10
df4e713ef64e4dfcbfbeac7aefc59738,Sports,2
0997623ae0724d968a1a81f5ed10f004,Sports,1
9a4ffc0c916542ed8c636e95025f5543,Art,7
55c551fcfba54cc8adaf37661b780ede,Art,7
a42d0cd7fd354f6ab450388748d90846,Sports,2
e3a68a707e714b558639bd418b15bd94,Press club,9
811414f8d9df4d0ea25aed6cf0458043,Debate Club,1
cf0e6d2b315c467a85d8a6ad77d0359e,Literature club,5
bb2aa1462999494c94a7b69b1cd66b09,Debate Club,6
b7f60cdf41dc4c60a5f60735757b6b29,Literature club,4
564cfbd2bc924d81839b058c2faabe0b,Press club,2
aca58d95915a4c308b86b5a1ca6fbff8,Sports,8
9c6783932ced4c0db17304b5c1dd484a,Sports,6
67ce378fe5a4483ba383889adb2c6ac8,Debate Club,10
53f3007383e94ef4ad7df5d0d3b59af7,Jet club,10
186b2880ab544a15a69d01ff1634725b,Press club,10
7a3a6e9623ff43d3bb4fb88a2f4dd219,Jet club,1
01bf9e733f804385af9240b652d78f10,Debate Club,7
725d42593c4b4eeca231ee7342c2d2eb,Drama,6
546252e7f43b40528459bd6ec0f63229,Literature club,1
92a81713b90e444b951c25d54d4c5280,Sports,6
5c0b9b10a7574b1082f525b902ed73ce,Art,4
aaf407f70fe74149bc7e5368b1594847,Press club,4
28e333b64e8a4c4bb72420411e43fbd2,Drama,5
ec50ace480a54e65afa2855967c96204,Art,2
c5144d98b41c404fa346f415e5267a2b,Debate Club,2
a38295d31e0e4546b0b6dedf4f9c4027,Press club,9
5e175b664b87459fb0cd7f05ea87855e,Debate Club,5
f515949438184fd3b889936a9d5817e8,Press club,7
74797b6127374b52ba6a210722319050,Literature club,3
5fa5e0aa9b114530bd247c11bf6b8cdf,Debate Club,7
e9ad0e9b8c9a41e9b3b263376a74dbb7,Debate Club,1
cd4f8b2b899a425281e1b94a78883058,Literature club,1
c3093b6e37e942e2935ac07aaa0217d0,Sports,9
98874bfec1364c65ae2ae3413f59e4f2,Sports,6
86879aa914f543d089912032df85c777,Sports,8
5c9deee0b42a445687365a84725e134d,Drama,3
1cb9b73a906d4c8caad08c8913fe8a29,Jet club,1
e723ada38c324db2942a895e0fcf601f,Press club,9
89628f6e929c43b3b3c08bf18167999f,Debate Club,4
dabf984e53ff4461aa1f1b61265cb9d9,Literature club,10
ae27d4321dc147ebb11c767385351a69,Drama,2
7d23d47995494a82b787ef8d3495311e,Debate Club,2
720b274b82a74586a61d9cde1747f387,Literature club,6
21c71aa3741443b58e3e25f2cf0671c7,Drama,6
905c7bdd74f04eaeaa5943ce836435e3,Jet club,4
ac3a812f765e4cb58f0d55400ec7d662,Sports,1
0592bfa5b928423f8ee4334ece920136,Debate Club,2
00c59f30d103442481241bb4655ce508,Press club,3
12b2102d940c4503b7c86152beed0af9,Literature club,5
b34c6c7358334b30ac776e950b981ccd,Art,1
0f6ce9bffe7e43628a89b0f0105291d3,Jet club,4
fc737d9211ab4d11a4eb8000ef40d162,Jet club,4
497ec6d1081f46dcb8d9a88aef0bea4f,Jet club,10
22ab7752c4db4a62ae13418d68ab80ea,Jet club,10
bab2b77dfa744cc8a43afb7ac40d4874,Debate Club,10
5fdcabbf6b9c471cb6ba745ba55871e3,Jet club,6
72d3545861ea4f30a42e707afe2bd987,Drama,7
60a399d4e8214716aac80da1de9f6f5b,Debate Club,10
f6d22a7baec74a82948b4376602a4e57,Art,7
220b9ea98a0f45089fe2c0a0a96b3c42,Drama,2
1e5ebe54590742999c3bbdd8a74e02a9,Debate Club,5
649f7d88898945abbe2b34d82db0728d,Literature club,6
fa8dae42ba544920a099d18087623997,Debate Club,3
c194f97f00e3402695b6de85390239d9,Literature club,4
76876c624c61445eba7e5d9405d1fb63,Debate Club,9
6c93a7918b604511b8168aebac6a7c85,Jet club,6
3acb43a3d2c74ffba118433b882ccd1e,Drama,8
27b608dc589d4cb0b5eb89c23f5cf2f3,Art,9
e00da49deffa4002b040413c4690fb15,Art,9
083f64c31ce342f883f725feb99b2b5a,Debate Club,8
9d6b9b626b534a19a902b73fcf39f648,Art,8
e39836bbe23d4faaafad49e9c41c147e,Literature club,9
1139fa1234c143eabd9c4e6404015ced,Jet club,8
7249f62c08984462980cb95c19d45deb,Drama,6
df495037b40a4181ac09bdb799086e47,Art,6
0b531932bd9449aabea6e5b20c760d28,Sports,5
8a2db2e63bfd48a6b05fddf566fadca0,Debate Club,6
c6ac1b04dd1d4cd1811f6bf5379ef467,Art,4
fe54ee4b80ff4173a3dfecd70e731dd7,Debate Club,4
ea98fef8d0d74e37bbf2025f4a0d2b73,Literature club,10
93d563ae51a34c26937bf79bbb44badc,Drama,5
d18183d1ac2b4cfc85c51060991121e7,Jet club,1
e05277394d404f1bbca5be2952171bf3,Press club,6
8570b59fa9034e67bc568b5324acb722,Art,2
46707cd64ced4164a9df14e9389641dd,Jet club,2
97777f10f2d2493f8e85140d0f9aeb70,Debate Club,7
2cd58759e95d4761bc36dc59e134edfc,Sports,2
8e4c3ab56d5d4477adc29178a0411612,Drama,10
582b91eef8e8435b8c00988a7ee1011a,Art,2
61935990abdd4a8fa4b05c89f10bce9c,Press club,3
b2414482519844d886433603c92a7d7c,Jet club,3
4cc57e0d26334018a883ac6e6a944054,Debate Club,10
89b5aab0c12149dbaf12b150605fb1eb,Sports,9
39b02e2ad96e484fbdb0174e7938878a,Press club,6
24f43c62b52340de9b87d29c4cfd0fc1,Sports,3
0ec0713dea2c4a51b688d11fce4758be,Drama,5
6aa0426df7c045f7a9a53b4f8ff8869d,Sports,8
636f6e5c2253470687ad8b268eaa5841,Art,10
548c1d84340d4049814765063e2bf9c9,Debate Club,3
73253aa3ec174298943df5b3a58e83dd,Press club,1
891f691217ab48639efeef4fd8ddbbc0,Sports,5
0d31812e30c347569453f867b97e6224,Press club,10
9adf4709ac754344a08e149e44b9e602,Sports,1
12a1fe7ddfa547228a1fc9df9a591974,Press club,4
966be275c2fe49548dfd9531302b7831,Literature club,1
378e65108f10433eabe42e7db96c1163,Drama,5
e8334da5de954695b579c1437ab99428,Jet club,4
e8b3d763f4ff4f3a8d9dbaeb553d2625,Drama,8
30a5648eefe943d0b63908bf03ece8ff,Jet club,6
bf337a151e084f20bdd151b0f64ab6ec,Sports,4
ea18d32c7a9a4ef5811bd1c4ffe3f366,Literature club,9
b42a2d939aba4f15b21490623e1a963e,Jet club,7
3d44cb2cea454a41a589ada1345af934,Art,9
48769153c68843fe92555c758d55119e,Sports,5
a6129a1c889d4b76b75c30b561730c48,Press club,8
5c11ab6d42f543f58ef4c34d5bf86f3c,Press club,4
774c0afa7f4d408ca1fff6c08347f1da,Debate Club,6
b8f0188efb374fae8d8563ca193e638d,Literature club,4
51facefad6f84f7a82fa1da878308631,Art,3
501ba8515ee64495b40029c3ea11905b,Literature club,8
dd34aa1890014ed48bb401e769f753f1,Sports,5
0426fcc9255b40e2bdc2b74b38a56b49,Drama,3
95831d58ef4c41198da5d39b42c21797,Art,6
4b91b8cb6ae64582b852b3cd9442b5e6,Drama,1
3ae2802354724d2db2399ffb27046f25,Debate Club,5
3ee82983d557424191ddb9bf613d2de9,Jet club,6
f186e47aa79443208cf6e8b87fd238c3,Sports,7
c36b9a0a41e04a89966a9ce7af521b94,Press club,2
b93b17fbf76d45fdbd1645a0d253d966,Jet club,9
75f8e3a87d974c0fbd5609c4a4461663,Art,7
5a2837b2cb8343f2bb96f6022b115c36,Drama,2
8bea75c1b86647aaa3d4526b2b54ff7a,Drama,10
e3ad64d4eab94b02af1dc1217d024c6d,Literature club,8
f50d7a37a44d4fecbd85d7fa8ac97b01,Drama,4
d6cd315508a84c7f862138ad0f09105c,Sports,9
d1682e09f1f7490493075157d8c128e7,Sports,3
01a25ed1c3ab45f18c6b7074ab102c9b,Sports,7
a175a9c3d7b142a9a332a50e6992896e,Drama,4
26a9e100b509409b916658ce3b3f3800,Jet club,8
74bd0c9381774661b7fe032c02571851,Literature club,7
a3422e509e2a43248f79a8a75f8a14bd,Drama,2
e9aa144b9dd44675af145064aab07015,Art,8
0406ff447ce44679a8c6dbc07bb3447b,Art,1
694d7b008d384327883f13c601b158e9,Debate Club,9
b8e19f5687874a2184482a220308aa5e,Press club,8
49646b96fa3c4628892621df465568b7,Press club,7
b2a6e468d02b424380913ac10463750e,Art,2
f090f5a0ce614199ae3a0ba8ac8d6c7d,Art,1
eb053fc41b654dabade46e91e8e6e840,Jet club,6
3db02235261e4555863e1f2a18a806ef,Drama,3
409e7a8086c541d69ea9f50831227592,Literature club,7
cb80f288446f44dd9abca6e5d0b1e3eb,Jet club,2
f5948a545f804eeb943a9aff659b0105,Drama,4
3e42df5b90a34bbfb580e05067f1698c,Drama,6
4ccb235539d147ffb27e1442fd7fe973,Jet club,9
14a34f7fd90d419b93fbe043af1d5a1a,Drama,5
a65f7b8adbb44021bdde64afa75b395a,Jet club,5
67c0518b17ef4621881c79d4c27437eb,Sports,4
79db78628d7d4772a08e2f5c61177270,Jet club,1
b3eda8f1026b4383a301ec030e5d8c6a,Debate Club,3
d867888b7ff64824952aeaec2bdfcb41,Debate Club,8
54ce26bec8cc42c2a518a4186f14b3f6,Jet club,9
f94d8fcbdba3496fba323f6990dbfad6,Drama,3
eb4d8f42873540a2a51109611869a217,Sports,10
e6b9d31a361f4d90bad1fa330ae4ac11,Press club,4
9118c400e3364243b139c476de3ce88b,Drama,3
ec95b3ac0beb4c3485667c4879ba630a,Drama,2
47c68688ecf34053af36b8cc13087974,Literature club,5
a879d8f890424eb78b040f53e63949d4,Press club,9
d9b59f84edc341c3adea2d2d086c405f,Debate Club,9
3508507af622484284022b3c508211a5,Press club,2
d218c9d6c0934fb0a4e9bcfd9647ff9f,Drama,7
edcabf9465f64a539226a8b3b674410d,Press club,2
905f9096299646e28c9d690713b22cec,Art,7
d9750f00d5ab48ae9112fbc03d8f95f4,Debate Club,5
8a624cbde5824678ad5229dd639fc471,Jet club,1
bd5ff093c16f4bcca243bed754ec3f33,Sports,2
b076a7dcfd0c44338a5e151b23d3cd4c,Literature club,10
bed63da0803345c29413d64db962c8a7,Drama,8
1901ef870dbf4caf988a3f87f96d40f8,Debate Club,10
1375ee90d6b341e4bb6dca0d6fe5040b,Sports,4
9d264599c4dd4df59aec56a857311609,Jet club,4
f80b2cea658e44a29879cf35f4719986,Drama,3
