Student_ID,Mathematics,English Language,Civic Education,Economics,CRS/Islam,Government,Commerce,Literature,History,Accounting,Physics,Chemistry,Biology,Geography,Computer Science
ccf3a17156dc4907ba6c34ab6712303a,32,65,29,9,23,86.0,58.0,49.0,55.0,39.0,,,,,
310c0c003fa741049bf90e27dc96925e,84,5,23,69,31,11.0,7.0,27.0,59.0,39.0,,,,,
23e2fcb472d8467d894a05e430b187ef,22,99,52,65,51,,,,,,30.0,77.0,76.0,78.0,96.0
766ecb15474e4c19aef912766c006f61,6,11,86,5,26,93.0,64.0,49.0,81.0,42.0,,,,,
134c6c92ec5b427c9fde4fbf3ff350bf,1,96,39,95,54,20.0,24.0,4.0,74.0,20.0,,,,,
db20a56edc814fe78eda8bbb71710434,25,93,99,37,28,,,,,,31.0,35.0,62.0,59.0,8.0
a6f2f7b80cf34b5899108be58ce21ea3,83,69,69,26,92,45.0,92.0,43.0,68.0,66.0,,,,,
03c72ba8d60547708a63f881ffd0f9d5,43,46,47,22,29,,,,,,76.0,21.0,34.0,9.0,71.0
c0e9ab30ed2642e997e011b7f8102383,54,57,65,26,34,60.0,69.0,88.0,38.0,81.0,,,,,
680ac07a2a934d62bc835dc0d9441fa5,55,15,93,22,8,41.0,54.0,60.0,18.0,36.0,,,,,
dd59ba7136b84481bb3a4e3e7c52fa17,82,83,53,44,49,90.0,60.0,96.0,59.0,52.0,,,,,
2a25a8880f024ad0a7067ef466aa9385,63,15,99,64,95,63.0,95.0,46.0,80.0,29.0,,,,,
63f2ae24fc3d4348808d4127610461e3,6,71,21,51,18,68.0,97.0,5.0,13.0,9.0,,,,,
c8fe3ccdc8b849c6ad3049cf43e458fc,94,61,47,74,50,,,,,,47.0,97.0,47.0,57.0,62.0
b253d2186c4a47ea890617f2747b6dba,51,70,45,45,47,,,,,,65.0,79.0,57.0,25.0,12.0
c88a618efed4457dbb026576f512c4c3,58,23,65,40,73,,,,,,58.0,46.0,76.0,5.0,98.0
7c967f79b7e94acaa97065e18e46d534,13,60,10,6,28,,,,,,56.0,38.0,9.0,32.0,58.0
37bb3eec4bf54b52b09d258c27a0c3d7,18,17,52,14,93,38.0,41.0,38.0,45.0,6.0,,,,,
bc594585944548c08ef8c2d6f7fd5646,78,64,50,30,43,,,,,,18.0,34.0,37.0,7.0,36.0
504867babf7b439b8f9aea4b8acd4e10,71,47,64,74,23,24.0,57.0,63.0,31.0,58.0,,,,,
7a0ecfea958c49ba8cd620c20ea2622b,28,1,16,95,87,,,,,,91.0,96.0,63.0,4.0,14.0
87f7e1fbda4b49caab5cf46780bacd64,34,62,79,69,69,,,,,,61.0,36.0,68.0,74.0,13.0
82010c62f5f54b228e8fa8e0284d82e5,15,39,97,45,80,,,,,,64.0,1.0,20.0,11.0,52.0
118a9d292f92499699f195d014822f53,32,72,69,38,65,,,,,,79.0,69.0,85.0,14.0,64.0
dca02eecacda4acc9165e21098543881,70,53,12,73,60,,,,,,83.0,97.0,82.0,79.0,84.0
f10c718b1eb0438aa75dd5af3c365296,89,90,5,90,3,,,,,,27.0,20.0,25.0,20.0,81.0
94340a033f07481491d63f78e3e9de99,55,95,20,29,13,,,,,,93.0,23.0,75.0,40.0,79.0
14fcdd549e8f49658a2c827e98326856,76,44,44,31,88,,,,,,10.0,7.0,74.0,76.0,26.0
90b2b633956b4c0ca8499b926b5252e3,37,10,54,66,58,31.0,18.0,50.0,38.0,6.0,,,,,
42c18a62ef4848d590fd9d3f85d51695,19,57,89,22,47,76.0,47.0,16.0,10.0,90.0,,,,,
506e5a9ab758488dab73295b344a54b8,84,23,99,68,15,,,,,,4.0,69.0,64.0,98.0,100.0
21813d25655248a683ff50113d1a85dd,77,24,44,25,15,52.0,73.0,89.0,78.0,48.0,,,,,
750cab754ccc4bc2a53f8a28abf3e3fc,42,55,16,22,90,86.0,61.0,39.0,92.0,90.0,,,,,
ef8c485bc07a40f2add4253b50f0fd0a,26,100,11,49,1,,,,,,25.0,74.0,33.0,67.0,64.0
9f044aed7552432782627f7312922f83,77,92,38,22,96,68.0,64.0,83.0,40.0,31.0,,,,,
19985f15ff004d4d902059e4ff9ab5c2,62,8,11,72,85,,,,,,43.0,79.0,48.0,78.0,71.0
8181a8cc369147eb89a2688b12c136e0,97,40,5,34,31,96.0,34.0,20.0,55.0,99.0,,,,,
5958a499eeea463ea1e8ac6843e42caf,78,23,89,29,40,,,,,,96.0,9.0,39.0,80.0,4.0
3e896c64e1174ac3919c4ea3e1805081,96,28,43,28,68,,,,,,3.0,81.0,72.0,20.0,61.0
702cdd20286248b888f4ef125e9953d2,67,63,53,28,63,,,,,,6.0,92.0,98.0,23.0,97.0
4d71c366b41b41438b10550cd5704f32,34,77,46,7,6,,,,,,36.0,18.0,14.0,14.0,67.0
ce9e1a11fcbb4e59bbddcf7c9c96e9ec,67,21,95,4,83,14.0,26.0,31.0,22.0,100.0,,,,,
aaf91531020041f08768a84fa76afde6,15,35,72,50,9,29.0,49.0,7.0,16.0,29.0,,,,,
ee87905e4ca445ea8dfa6a56d12dbc9a,90,49,57,61,64,,,,,,92.0,42.0,12.0,70.0,72.0
e0ccedc5f05d476e9a84a51aa9d3d7c7,37,93,70,36,39,92.0,56.0,79.0,98.0,36.0,,,,,
e3c436571d8c4bac83b409ef2260e70f,63,34,25,94,45,,,,,,59.0,84.0,85.0,2.0,58.0
27cb6f2a8da04097be0f051b1b66b5a9,1,3,72,27,96,,,,,,99.0,47.0,78.0,24.0,89.0
35ebd32d9ad640ab88212ddb45b89cd9,13,92,29,92,4,,,,,,87.0,74.0,30.0,19.0,23.0
afffcfd2341e440b97c700aab7b56ea7,53,40,56,97,57,,,,,,59.0,16.0,11.0,48.0,25.0
81627cf1439442e69a587e8aa25d6b29,28,13,83,42,40,58.0,28.0,2.0,90.0,89.0,,,,,
e87d1c78e7c441c780497b717d106c60,81,57,51,26,10,27.0,90.0,7.0,2.0,77.0,,,,,
a260772317a04f498d01280fd89a40c0,4,50,17,69,96,32.0,79.0,32.0,77.0,59.0,,,,,
0b49452d46d443f39450281c6c6f7633,24,26,41,1,15,,,,,,24.0,9.0,74.0,79.0,79.0
217d65a0c56841cd9563f61600e85ece,64,33,84,88,83,,,,,,47.0,28.0,62.0,99.0,46.0
295d6fbf430f401dbad409e2a319dcb4,6,38,51,100,23,19.0,51.0,34.0,73.0,78.0,,,,,
b4a69f3c8d3a4d99b11c21c9bdc14f1f,5,2,58,28,48,4.0,40.0,68.0,12.0,17.0,,,,,
1ca3c448027946a68f9797b06d7ce3c9,66,85,31,92,52,3.0,45.0,74.0,23.0,46.0,,,,,
b0e6a969e21342b0b1eedba313432e61,30,14,35,18,4,,,,,,38.0,11.0,66.0,28.0,79.0
093923de8bab4e3ba6286bfbe767dcea,12,39,63,26,31,,,,,,5.0,83.0,44.0,92.0,68.0
8d7248e2951f48d09e84f058d5a804eb,51,75,24,33,49,71.0,84.0,25.0,9.0,26.0,,,,,
0ab54bde20a04502ae06809725e97977,68,51,20,42,85,43.0,88.0,47.0,93.0,24.0,,,,,
eededb07e62346899d59cd2a4eea04e7,88,56,54,36,57,,,,,,99.0,20.0,84.0,65.0,71.0
0a368ce7dc574131b8e1daa7cbceabde,49,45,28,74,11,,,,,,47.0,97.0,35.0,86.0,56.0
ae9bec3635c7436c9b9962c6e61fecc0,45,54,51,90,100,,,,,,30.0,9.0,15.0,42.0,15.0
5a8aaeca1a504ec3aabc25fa3fe12e47,51,96,11,15,83,,,,,,48.0,74.0,100.0,83.0,59.0
dfed2c43e25646dc8f5486b7c7b5b2bc,25,29,63,61,59,7.0,65.0,80.0,34.0,97.0,,,,,
bfddc3d99ee34c2ab94d62046808593f,6,11,6,15,51,,,,,,14.0,0.0,32.0,75.0,93.0
3c9ad14cee0c4eb5acfedb992790cebd,88,84,58,100,38,49.0,90.0,16.0,35.0,27.0,,,,,
ccc56569f9e84369a999b735dd56cc94,23,90,62,85,4,,,,,,81.0,50.0,18.0,5.0,2.0
698c206fe1a44e10ad534dd0cf8ebc5a,64,61,36,62,69,,,,,,75.0,67.0,26.0,72.0,47.0
ecab3301bc8f4d29adea94930658663a,3,14,92,12,82,35.0,52.0,24.0,17.0,38.0,,,,,
696608aaee494329884a7b28550a1b46,93,56,62,10,8,76.0,63.0,24.0,96.0,79.0,,,,,
bc2cbb0ddd334cc7ab7f089acd5f4822,54,30,57,63,20,0.0,62.0,94.0,46.0,68.0,,,,,
28c13091444d410bbf87e362cf8d446a,29,64,14,93,99,,,,,,33.0,7.0,74.0,60.0,46.0
61ee411a1bac47a7b386f7a4c991603f,48,35,48,54,79,63.0,93.0,60.0,73.0,17.0,,,,,
787f2425dbcc447789e9db0adf465290,5,56,76,3,89,44.0,100.0,27.0,49.0,40.0,,,,,
eb1fa9f2d10b41d0b317347038f16a81,50,66,31,6,27,,,,,,54.0,33.0,0.0,60.0,41.0
d20eac174e204d1a998336e375d66ed4,21,41,70,9,0,66.0,78.0,59.0,87.0,99.0,,,,,
391184973a4342ba9f0f06cbcb9bc326,49,80,13,54,10,,,,,,27.0,10.0,28.0,14.0,26.0
6601ddd031704437a8f7ef5a060edf5b,77,53,23,50,86,96.0,99.0,79.0,74.0,78.0,,,,,
11c58ef0dd464c09875287aa5408f9ac,15,97,2,40,74,21.0,15.0,42.0,32.0,47.0,,,,,
59e4b67147744c5885f8bc16f7860b50,8,88,93,58,40,,,,,,32.0,73.0,70.0,65.0,89.0
adf4e62d6651429e8268690ba43825b5,36,98,28,61,95,68.0,79.0,47.0,28.0,86.0,,,,,
54c63cd889454f2797fa2d8dfb2ca025,2,95,35,36,67,15.0,1.0,4.0,57.0,85.0,,,,,
e08596db1d8749668710d430f071d879,54,96,4,25,9,65.0,82.0,96.0,39.0,11.0,,,,,
94a1875d2db64edb82deffccf86c2ca2,52,71,38,20,63,,,,,,92.0,98.0,35.0,43.0,28.0
09cb394243f54a85bbc9f87af668a617,25,74,28,79,57,60.0,62.0,50.0,8.0,100.0,,,,,
587ef3446f3f420c98b8e4cc1bc044fc,4,90,76,52,4,59.0,23.0,95.0,71.0,14.0,,,,,
6fb78271504d481f89535b63ba81edd9,45,24,32,74,83,,,,,,94.0,40.0,88.0,52.0,0.0
1d9af65982ec4f2dbbf6e16f9b3080d5,11,4,95,80,18,,,,,,75.0,36.0,75.0,9.0,23.0
30a900ad939b462da645f129629c2ae3,70,36,20,81,62,70.0,38.0,81.0,25.0,60.0,,,,,
6fa17735b57243d08b5cea6a41357e8c,45,9,9,71,96,31.0,66.0,64.0,79.0,72.0,,,,,
ce777f00ecf24e7685197ff4006ed6e3,71,18,23,17,47,,,,,,64.0,18.0,13.0,28.0,43.0
f0b5156bb82c4074afd5dea589d7fd6c,84,28,30,53,77,66.0,40.0,61.0,66.0,39.0,,,,,
3270e4faabae4f43bcae8081bdf070aa,20,98,100,53,2,6.0,47.0,99.0,2.0,22.0,,,,,
f2e9702d11e94daaae6981a35d3d9e56,8,29,3,58,24,23.0,98.0,93.0,61.0,98.0,,,,,
9f871ce754874d4fabb7a385aa0b7b14,49,47,37,58,70,34.0,24.0,45.0,87.0,37.0,,,,,
1fe771d6d9174793a9d3c2e6505cc686,80,33,64,94,31,,,,,,20.0,95.0,93.0,80.0,68.0
81d2c7de4ce14b90a6697833b841d0a0,50,11,94,8,97,,,,,,1.0,15.0,71.0,73.0,62.0
5380b904688c4015aab97e494f2d4796,37,65,83,47,61,,,,,,65.0,71.0,67.0,89.0,56.0
8dedf9fb4bb04f20b27c40266703b636,69,69,18,12,0,,,,,,23.0,52.0,95.0,18.0,84.0
aa38d0a16ba24efeb11c6eb62095eef6,45,64,61,33,8,,,,,,10.0,7.0,41.0,81.0,33.0
bf85bf0ead64456ca10faa3ff0bbac67,62,89,60,64,96,,,,,,56.0,52.0,81.0,94.0,27.0
91b0e1d99d9242afac8d0e44e71e43a6,30,20,32,82,91,,,,,,15.0,36.0,26.0,9.0,14.0
d56f03508c454ce2a7f48ad54d0b0d1a,70,97,40,15,20,,,,,,14.0,27.0,97.0,83.0,77.0
35ce884149734d6c8dcabfb7001a9a8b,30,47,37,18,58,83.0,84.0,83.0,95.0,47.0,,,,,
9b4e2c24947941e689277d9b6e0d2648,79,13,36,60,42,100.0,55.0,0.0,51.0,83.0,,,,,
7118e36477094749927eecfaa79ac9aa,76,30,69,91,58,45.0,80.0,2.0,92.0,74.0,,,,,
82dc4c8e36b5429aacf5e81e71316269,15,99,32,89,13,100.0,56.0,25.0,46.0,38.0,,,,,
f5b78cc7e6b349448b323e357922bac2,2,13,79,91,34,65.0,62.0,37.0,49.0,64.0,,,,,
a8aa71582b704525bc67f831cbc84759,16,64,10,56,3,,,,,,2.0,67.0,68.0,63.0,34.0
a9f2533683f449a988a639d015b52908,85,79,37,57,6,46.0,53.0,12.0,81.0,44.0,,,,,
17e8392a55ce45db9e87e04ca2086977,9,16,89,62,81,,,,,,47.0,10.0,73.0,67.0,74.0
3c20592fc04a46c4b3b63fe1d1843324,71,26,38,74,11,56.0,68.0,30.0,61.0,91.0,,,,,
ce7ae7f639824cff8f77a665ac3c5640,33,0,20,95,24,,,,,,79.0,65.0,25.0,41.0,93.0
0bd4a99006404e0fa5b8fd4b32fa2de8,54,89,80,53,37,58.0,55.0,99.0,91.0,47.0,,,,,
9c7c737779a24903bbe33b243eae0032,12,71,41,28,81,,,,,,62.0,90.0,18.0,4.0,74.0
7496276412a44ef084bbb7a9d98868dd,36,80,66,44,94,5.0,30.0,40.0,52.0,71.0,,,,,
935f2b0aa1384ddca2d9de5d6a18ce4c,60,35,48,78,23,,,,,,74.0,84.0,25.0,99.0,30.0
624c69b6b24445a7b7e5848131c681ec,6,56,61,10,43,,,,,,52.0,8.0,12.0,62.0,15.0
25c73c443e7543b4a64fa6637e8f8095,40,12,53,69,32,,,,,,87.0,18.0,82.0,36.0,70.0
e4855aa1016b4287b00805cca7f36ae9,30,49,7,90,92,90.0,56.0,59.0,53.0,74.0,,,,,
e2add909c5214f2d9c45d539c03f3538,49,8,38,82,93,3.0,51.0,40.0,67.0,72.0,,,,,
3805f9076cd6419387468f591b494e15,26,19,63,46,21,,,,,,40.0,25.0,86.0,32.0,24.0
b227462cf53d43308dda24ba2d06e8cf,26,51,69,53,16,72.0,87.0,52.0,17.0,3.0,,,,,
8eb225790cdb4ca4b6ecbdd68498e113,20,53,51,60,24,,,,,,4.0,80.0,82.0,13.0,24.0
1f115b76d92c4227aadf50853fcb7546,94,82,91,31,85,34.0,38.0,9.0,96.0,85.0,,,,,
76f2dbfecd29436fa22282e174daaebf,6,51,95,4,47,,,,,,25.0,24.0,9.0,72.0,44.0
8f15ba58fce6450487f8424daae65fc1,1,2,47,19,40,,,,,,6.0,51.0,37.0,14.0,51.0
c1581092f3354ba3913a7052986f9025,73,90,30,84,95,25.0,82.0,39.0,9.0,57.0,,,,,
d0a444329cd64852b14c7df4e4347d51,1,7,24,32,24,58.0,33.0,91.0,92.0,40.0,,,,,
6d3ee1dc81394443a45b712eb8225688,65,59,43,96,7,4.0,79.0,46.0,56.0,40.0,,,,,
722764e68c41461ba827a1b9d4a02e53,60,93,61,17,93,,,,,,75.0,45.0,8.0,34.0,43.0
dc8aee30be6043f7a8be9288e5af6e39,53,55,8,57,55,81.0,48.0,8.0,90.0,53.0,,,,,
c074718e425a409fb337c59979844388,84,42,44,53,12,66.0,69.0,67.0,68.0,4.0,,,,,
46fde062a33d47af9701410d3f4b1a70,90,14,4,95,32,40.0,37.0,38.0,86.0,47.0,,,,,
7c0e8cd8857347938715b2b9c40c5d91,88,28,4,33,12,,,,,,52.0,1.0,16.0,70.0,39.0
709b7d97464c44afbd3f3799a07295e9,53,64,54,0,65,,,,,,83.0,44.0,59.0,77.0,74.0
3c07c57449254af1b6aae05b13d5f2f7,79,85,11,83,79,,,,,,24.0,57.0,70.0,72.0,38.0
e49d681d51d84c6495fa1ab8458f1f19,40,78,43,84,45,73.0,38.0,37.0,71.0,92.0,,,,,
269cd696236c4b8794a0bccb8a476a87,28,90,16,57,58,,,,,,28.0,74.0,31.0,38.0,98.0
271e3ee2b1a641f1a20e99d33b33f3d8,71,84,33,75,10,20.0,73.0,14.0,87.0,11.0,,,,,
6a34c85410714d51b6c59dacb4d7e28e,80,3,51,78,53,,,,,,59.0,34.0,34.0,26.0,6.0
7746d0ba8ae8405b94b4a48268586eba,52,28,33,97,26,66.0,35.0,65.0,60.0,46.0,,,,,
d5385b0e34f3493c8ff0a55c6a702e2f,19,43,19,51,0,35.0,38.0,55.0,13.0,26.0,,,,,
c51155ffe7a34e81a3b4c08b6b8e869f,53,100,64,72,40,35.0,89.0,89.0,63.0,67.0,,,,,
05000bc6b20d4b6eb2311f1795863a76,10,29,80,11,92,66.0,67.0,74.0,37.0,80.0,,,,,
9360715fc3fe4183a172b725db52ca58,38,40,80,18,28,,,,,,60.0,64.0,54.0,53.0,86.0
f1578470018247c4ba1b58066160a6b4,92,43,62,27,64,,,,,,9.0,63.0,67.0,73.0,71.0
63d62a39c0e34efd8c71e0fe5a0cdd7c,68,44,28,49,0,,,,,,19.0,64.0,13.0,24.0,89.0
d5f25073f41442b1a4429ebbda7b9095,62,15,30,12,67,,,,,,71.0,11.0,43.0,72.0,93.0
bc10fa52bf5d4fdf89c8d2ab6b44fa8d,63,10,60,6,54,52.0,90.0,11.0,77.0,69.0,,,,,
e5d6f6e69a6e42f58cc429038bcf53a1,58,63,18,58,26,34.0,89.0,12.0,31.0,94.0,,,,,
45df16b6382c443fbcfc9b793875394c,82,51,20,62,17,,,,,,95.0,46.0,62.0,22.0,69.0
638c254c076e4bbabc5308bf6f92f25e,49,81,16,68,28,,,,,,29.0,81.0,72.0,50.0,68.0
cc530e36addc4e13ab3b4d37560c95ee,25,60,16,64,18,2.0,70.0,32.0,42.0,90.0,,,,,
d72b61082a404f12b963f37f67814c1f,50,79,37,30,64,16.0,84.0,15.0,58.0,35.0,,,,,
fb10987f20ac4703ab67146a77a6e17c,24,96,98,14,60,0.0,76.0,84.0,54.0,46.0,,,,,
e82c7d7b06e745f988bc539c9f4c3b79,63,3,60,3,19,,,,,,46.0,92.0,90.0,42.0,24.0
a9ba5a27907b4e36978648f864de82e6,56,23,64,61,8,51.0,80.0,89.0,15.0,40.0,,,,,
6db99102a48b4dbe957d94a106f028ff,64,22,6,87,52,13.0,13.0,42.0,72.0,9.0,,,,,
2e85cb2176314e9d9de9f86322bd3388,24,42,39,8,17,,,,,,20.0,26.0,13.0,78.0,38.0
53cd6268610c437382999aa40cdf742b,49,6,13,88,1,11.0,80.0,57.0,100.0,13.0,,,,,
56666f9f53ac4ab9b4672cd9362f5e5c,20,49,66,39,72,20.0,20.0,80.0,7.0,51.0,,,,,
473bd358610e4a64a1301617c2dff335,77,13,40,34,23,,,,,,59.0,67.0,62.0,78.0,51.0
6bebac31d4f84d72b3821cfdc083b73a,10,35,100,47,79,63.0,20.0,84.0,80.0,71.0,,,,,
7866076514f74e8d95bcb8d04094dded,62,87,72,4,13,,,,,,23.0,27.0,30.0,19.0,26.0
0d557b618a174dfebfc00dc804f64d86,69,56,14,33,33,,,,,,56.0,95.0,59.0,84.0,3.0
39669fa759974043b3b1025bfff9f585,56,29,55,79,39,22.0,17.0,84.0,79.0,63.0,,,,,
f510ab53c7fe439f9190f938a66fd7f7,79,78,11,80,24,29.0,69.0,52.0,61.0,68.0,,,,,
07f194f9c1154d6d8a4e5b70a6d964a3,59,67,77,54,73,,,,,,35.0,57.0,25.0,48.0,56.0
d6d7b3b833094d35bf4df561f319c125,28,87,10,46,68,,,,,,69.0,29.0,18.0,60.0,70.0
3d1148022702478b9f0fda8d05379ff6,72,68,44,2,79,13.0,26.0,53.0,29.0,7.0,,,,,
1d48a071ab6147b1b93b4c3220500494,12,52,63,82,56,17.0,47.0,12.0,18.0,95.0,,,,,
770c779837cc463bb2a0345990604f62,21,76,100,23,58,21.0,98.0,100.0,56.0,97.0,,,,,
5e6fea07c4534f1d81992fdfb31022f0,5,41,91,50,26,4.0,33.0,8.0,77.0,77.0,,,,,
f6b751f79b7442459b1bc8952af43ab7,55,96,40,66,49,66.0,48.0,17.0,40.0,53.0,,,,,
c71d5e601d5246abb7e6427cbf780e3f,86,2,87,15,31,8.0,18.0,83.0,8.0,18.0,,,,,
4fa03f26f6f740cca9ec8e49d1bdb8c0,94,89,98,17,81,3.0,75.0,53.0,78.0,81.0,,,,,
edcb8cb606924c639424aed51bac5c15,43,49,16,55,15,,,,,,96.0,93.0,78.0,29.0,45.0
e87466d7ad6641bd93676a024fdc6e1b,8,40,34,12,100,35.0,92.0,68.0,77.0,74.0,,,,,
f1043785658b4523a0141de9f54ad0a2,13,82,33,1,92,49.0,82.0,52.0,76.0,17.0,,,,,
9793b9b413744146b2c5bd89b70b3420,66,12,69,2,72,30.0,74.0,91.0,80.0,20.0,,,,,
3e2b6091a092452a94a057a7b0cc1b3b,25,11,95,93,39,,,,,,15.0,30.0,85.0,51.0,32.0
4d3485c5c5c14eb4b27b3d901a16342c,60,24,74,35,74,,,,,,47.0,46.0,77.0,43.0,70.0
ce3714af99b44350af2b99b4d9acd158,30,55,58,69,83,88.0,68.0,96.0,78.0,75.0,,,,,
90e0f4a0fbdd49338bd58bf61efd76e9,36,35,95,26,51,,,,,,55.0,39.0,42.0,29.0,55.0
8861fe1858e248888a8381bec85aca46,69,28,39,51,34,,,,,,86.0,90.0,92.0,44.0,48.0
11a726095edd4bbfa95976636daa2e68,80,68,75,36,89,73.0,37.0,3.0,13.0,95.0,,,,,
033d2bce575a4d2ca5c5650c8186a576,53,39,20,56,23,35.0,76.0,68.0,93.0,69.0,,,,,
7d7ddbedd284476cab88f83dd97dc9cd,66,14,31,83,71,,,,,,31.0,37.0,67.0,32.0,22.0
5cb85aedf5f64c97aefb63b11b049863,49,4,2,48,52,,,,,,9.0,9.0,28.0,10.0,95.0
75b17a55d4264982a43e4288a2b5b498,36,52,70,65,64,65.0,73.0,99.0,54.0,57.0,,,,,
2d174fc96f7c45eaa72a6d8eb5122df8,85,43,12,58,81,,,,,,93.0,11.0,6.0,88.0,37.0
a6846099f7294951859131d2bbda0242,88,43,91,53,18,52.0,30.0,87.0,57.0,25.0,,,,,
eb6c1016cee644d09dac6e8345241ea6,64,45,21,17,74,,,,,,57.0,79.0,86.0,52.0,40.0
7701f7bb7bc64e1f864ee6e389c5b31a,59,100,58,15,23,,,,,,71.0,55.0,13.0,6.0,36.0
97ac6aa8bb2448a3936357b66f81cf4f,71,26,84,72,44,,,,,,4.0,52.0,41.0,44.0,11.0
3ed8c56cda094fa092828d8044b591f7,45,67,5,35,50,12.0,74.0,0.0,43.0,19.0,,,,,
4767d76c162f4a24af43613cd4aac9a3,30,82,34,41,35,17.0,92.0,33.0,62.0,38.0,,,,,
c01f36bf3e6d458bb367c28de1b294de,5,74,39,47,18,,,,,,59.0,8.0,54.0,54.0,74.0
ab0e664e9c3e42d591e1aa9676f72255,56,100,86,71,73,77.0,36.0,67.0,76.0,10.0,,,,,
7e8adee707584201961e16d16105716b,93,53,63,70,51,89.0,32.0,29.0,50.0,55.0,,,,,
7cd0129d2e8d4e87933420e6d9d80b8d,12,42,79,76,56,,,,,,35.0,26.0,60.0,71.0,94.0
4223623bcc3e4dde9ad5cf06364d7c87,41,65,78,92,95,87.0,16.0,60.0,32.0,79.0,,,,,
989d9d4ae15c46668797b2c957207246,62,86,68,85,94,74.0,34.0,13.0,1.0,65.0,,,,,
8e48522346b94991a14eb70db380c73a,87,69,80,100,56,12.0,44.0,95.0,99.0,68.0,,,,,
30e912f2f2b44abf8441aefd0299436a,49,38,54,20,82,77.0,79.0,21.0,25.0,27.0,,,,,
680bac63b8564035bdc9829015eabb27,91,88,22,6,60,,,,,,90.0,46.0,44.0,48.0,83.0
3d85de89c21744298e2007247d137018,27,10,61,57,46,41.0,27.0,2.0,35.0,35.0,,,,,
b63b4dc3a5594463b9e13ceab0cbc61f,69,55,78,98,82,,,,,,11.0,66.0,34.0,77.0,9.0
046a0df5cafd4613b2bb912d7da67785,48,75,16,85,1,31.0,34.0,84.0,0.0,52.0,,,,,
6786d50638ba4abc8b5305e517d2582e,4,28,39,4,63,31.0,63.0,33.0,12.0,83.0,,,,,
a9f948b24e6344bbbe493f43b118f68d,2,87,57,4,13,37.0,40.0,30.0,18.0,54.0,,,,,
8db06746792749739e781fd794e0d3ba,33,60,87,56,79,,,,,,64.0,11.0,16.0,24.0,55.0
ff233d5f6ced415d98007c0287ea7ff5,24,54,86,19,63,,,,,,13.0,52.0,27.0,21.0,3.0
5a10412954ae4d1b8ce6424dbef59fe6,20,68,34,66,13,,,,,,78.0,0.0,1.0,74.0,45.0
4e7ed827455a4762b428a656b3ee4d3b,0,26,74,36,81,43.0,13.0,68.0,63.0,10.0,,,,,
b8a6171f1ee34dc4bb048a8b405bfdc9,46,65,51,97,50,75.0,34.0,25.0,19.0,83.0,,,,,
be2d740a1e9b43bc90c7c006314d3441,18,40,1,56,61,38.0,93.0,87.0,99.0,45.0,,,,,
b0ae8f08c31e4bbcb36cb62b892e6161,82,5,52,35,14,,,,,,11.0,1.0,16.0,17.0,42.0
bd1531c837644bdab108d4482f65fafa,76,84,32,81,7,,,,,,60.0,30.0,61.0,77.0,28.0
96ef2ad6b97e470386c8adfe7bf47042,24,81,97,50,14,,,,,,39.0,60.0,32.0,31.0,74.0
98c7472a864e4a13829cfc0cfa02eaec,16,20,44,91,45,,,,,,38.0,0.0,63.0,85.0,26.0
d52721e719bc443ebb02bebb48729a4d,86,70,83,81,42,,,,,,34.0,22.0,3.0,96.0,96.0
5c62b3a23a3c463e8bd6cee631b1b099,54,82,11,83,62,74.0,96.0,96.0,33.0,35.0,,,,,
b540b30e039f4a258d6168bd2defe193,6,52,97,51,8,,,,,,14.0,53.0,25.0,0.0,88.0
0ba6eab94639447ba067bdac88bd13d1,80,41,50,1,42,88.0,54.0,26.0,70.0,67.0,,,,,
4ac9778d8da84ee48df56ac6f96b648a,97,70,22,51,85,,,,,,73.0,50.0,18.0,0.0,37.0
a34b6cf620534a42b1afdb65b289f224,17,44,74,30,14,44.0,18.0,85.0,78.0,67.0,,,,,
1a432f0a7daa49f080b6fce2de53790a,7,22,59,0,29,,,,,,72.0,22.0,41.0,84.0,59.0
48ca765192f54f7b8323d342df6a8f93,30,18,91,17,8,8.0,49.0,72.0,30.0,71.0,,,,,
5738811d70c2403fba8d03aa782a65e0,31,12,51,42,33,61.0,77.0,65.0,61.0,89.0,,,,,
40a26c600d274659b72ada9b2f32751e,93,80,23,82,13,,,,,,37.0,32.0,12.0,98.0,17.0
1d34d08e7a4c45d49c99e04cf0e98b3b,60,81,34,66,63,,,,,,47.0,44.0,62.0,61.0,98.0
7de31a516694434390ba58e3d2762bdc,59,80,58,55,81,,,,,,57.0,38.0,76.0,55.0,52.0
afbb411aa1234a8c93b7a88612f70c97,40,7,32,40,0,72.0,60.0,16.0,36.0,23.0,,,,,
cfa701cd2631400ba6d794d30db95301,36,37,6,18,45,,,,,,33.0,80.0,3.0,32.0,86.0
15ce6a664dc84a1eb2f9e5fa90164161,74,56,31,62,9,13.0,12.0,4.0,5.0,17.0,,,,,
8edddfcd1e524770bf897142fe716b14,44,1,51,60,100,,,,,,13.0,48.0,65.0,47.0,64.0
989bc4da9b37422baa8a616fc3b290d0,24,10,75,68,18,72.0,9.0,44.0,26.0,15.0,,,,,
c693da1139c641ca9e50aa42ca6dfda1,84,48,97,35,88,,,,,,63.0,21.0,2.0,11.0,52.0
e893be3d73544a6fa160745985c7504b,26,1,9,30,67,11.0,2.0,33.0,29.0,97.0,,,,,
96a9954fdc3341f98c1f55ab715629ee,15,78,78,80,12,25.0,48.0,35.0,75.0,99.0,,,,,
9191b3634e2d4645adc7cac7fd72b050,64,69,46,69,76,,,,,,77.0,6.0,52.0,8.0,39.0
f5c9b0479c1045728f6b40d09efba58b,12,4,84,73,31,75.0,53.0,24.0,56.0,43.0,,,,,
c342bd2bf295456e99675f06bd767e35,8,37,4,42,82,,,,,,91.0,58.0,47.0,26.0,15.0
43bfd93136054f54a021c0ca3531968d,89,33,81,13,61,,,,,,89.0,63.0,86.0,58.0,84.0
3d67cde9283444c094c8b3b4a911d192,14,26,2,0,76,81.0,74.0,45.0,95.0,16.0,,,,,
2812859a1337439e8d4f5d272c7f0b79,25,100,0,62,16,,,,,,41.0,43.0,0.0,50.0,55.0
b07aa066735445eaa8949b8d00af5b3a,7,59,16,75,56,91.0,14.0,81.0,17.0,26.0,,,,,
085b15fb4a8f4810b84c2f29980402a2,15,70,0,47,63,,,,,,53.0,2.0,70.0,59.0,99.0
48603b32b4fb4eb989c13de73b4206c5,10,38,73,5,65,,,,,,30.0,9.0,0.0,75.0,28.0
1238d630743b45a29c0f2fcfb3f6fe0d,96,49,94,96,14,,,,,,31.0,4.0,29.0,97.0,5.0
43b9da13ec854f37bbc1a987aff8754d,60,11,38,46,42,,,,,,42.0,30.0,2.0,7.0,62.0
96fc734da0034d288a8f3653c9af18f8,98,19,39,96,14,,,,,,63.0,5.0,58.0,45.0,42.0
32a447b2ef04457d8dccc33aa9434aa0,86,89,23,66,11,,,,,,80.0,3.0,19.0,53.0,1.0
398d1ca68b6840b59d61fac36cd5e859,17,66,79,74,78,,,,,,41.0,75.0,21.0,79.0,2.0
44007d5ae88d4719a6242b40a5cb63a2,3,5,9,60,38,60.0,28.0,26.0,4.0,48.0,,,,,
0f44704f12474a4ea46998e8d39e198b,97,90,88,40,64,,,,,,51.0,31.0,11.0,11.0,70.0
9854ce4e4ebf45c38ae9b4a72a79ea68,0,53,97,73,83,,,,,,87.0,14.0,17.0,12.0,35.0
ebd3461691b74d8e93016989bfbbb17f,71,57,53,93,31,37.0,99.0,20.0,79.0,74.0,,,,,
77fc97031fd54423b06c5c5649e2623d,18,74,4,62,97,46.0,91.0,64.0,21.0,39.0,,,,,
670acc5cb3214f218dd8eb85b04d3376,27,10,19,81,58,,,,,,63.0,98.0,80.0,6.0,76.0
8a3c3b5e801e41da85b1ed25f1533ae8,42,72,90,24,58,92.0,29.0,100.0,37.0,34.0,,,,,
9918ee4614974658b010f7197e695d0d,0,19,66,97,84,,,,,,27.0,29.0,28.0,3.0,14.0
bc0a6a5d6e994e3ea3b137fc0a3450fc,74,38,81,100,18,65.0,31.0,10.0,22.0,35.0,,,,,
069f14f140184c6e9a8cfa3c5283aac7,71,50,82,96,6,,,,,,26.0,73.0,18.0,17.0,99.0
ac9ed156f63f4e41ba9aca5e176132ed,97,40,51,93,15,,,,,,57.0,85.0,78.0,29.0,54.0
964db03f93404fad9c4ad56bd6016237,39,84,94,48,88,,,,,,40.0,24.0,75.0,8.0,11.0
c3c75611ffe34a49854f92fff366bad4,62,63,32,0,74,40.0,83.0,99.0,57.0,1.0,,,,,
9384ec2b44fe4cae9248a9a7ac1aa554,93,21,35,8,97,,,,,,9.0,74.0,63.0,18.0,74.0
2cd94cbbc19a458c835b1c8c0a4c9f7f,79,65,29,59,58,,,,,,5.0,31.0,10.0,42.0,2.0
7135f221a6c9437f84dad06a7872bdeb,69,0,56,23,63,57.0,9.0,10.0,66.0,1.0,,,,,
ff37d19c2e76428b873544f9ea83bf00,45,98,18,25,41,83.0,94.0,19.0,1.0,40.0,,,,,
d0725b5ca2814044af96288295d82980,80,42,34,32,37,69.0,85.0,4.0,41.0,12.0,,,,,
785299f4175b498db81401027de1bdfe,71,48,26,88,41,20.0,93.0,43.0,63.0,97.0,,,,,
5230dfbd555342fea889803e5913f9d3,76,81,49,4,14,52.0,42.0,31.0,21.0,7.0,,,,,
292bd156db9445709ac70ec0ab8ddeb4,77,61,35,7,99,,,,,,39.0,99.0,99.0,2.0,2.0
7ed70ed7b194490ba961929e546e035a,76,97,14,25,46,,,,,,87.0,84.0,70.0,75.0,4.0
668409e3f1f8443ea99f131849c8a43f,77,16,94,9,20,,,,,,12.0,84.0,57.0,20.0,11.0
0964fbbf8cd341b082b01cfdd045dd1c,96,38,32,76,70,,,,,,88.0,2.0,0.0,46.0,54.0
409d360250844242968b1625746f7891,10,78,95,66,97,85.0,73.0,51.0,64.0,57.0,,,,,
c5c5b37af85e46a19dad09b252c21221,79,8,34,12,81,69.0,67.0,49.0,57.0,70.0,,,,,
d32e6dcd83bc44789d6ac7b86778043b,64,91,96,9,14,45.0,53.0,10.0,63.0,68.0,,,,,
de8ede0ba85c4e4a804b6fabfcf56188,37,36,5,29,47,18.0,0.0,4.0,17.0,33.0,,,,,
0de051a669ca47d2b64414fd8ae769ed,49,68,48,50,1,,,,,,58.0,84.0,42.0,46.0,15.0
9f64eeed5c9d427d84b871bb300568d2,24,14,84,74,49,96.0,46.0,74.0,45.0,34.0,,,,,
71299889a01a4992bf9d3e64c1a6423b,69,27,76,88,48,32.0,5.0,32.0,71.0,46.0,,,,,
445dcc38341c44948d366dfcc28ebd70,1,7,92,80,27,35.0,2.0,91.0,95.0,97.0,,,,,
49bc473fed7b4656a18a15368c99a894,24,92,62,40,17,14.0,37.0,70.0,16.0,30.0,,,,,
7c16128db2c04394a17f29e170286046,88,100,81,40,21,73.0,65.0,90.0,97.0,23.0,,,,,
a14923c2f920464c8763fcd01f15c7b6,50,14,32,15,21,56.0,54.0,16.0,34.0,72.0,,,,,
b5b453ca3d42493c8c9fd3349bdf0377,96,38,37,70,40,,,,,,16.0,74.0,17.0,74.0,35.0
03802b708d03491e8f8d5238288b78b5,61,83,15,27,8,11.0,26.0,40.0,85.0,8.0,,,,,
3985fb6217dc4effa87213f98d605936,62,90,16,84,92,6.0,63.0,87.0,2.0,20.0,,,,,
1d0bc9bde9b545cf97665cdafe049059,17,72,46,58,77,,,,,,74.0,60.0,83.0,47.0,15.0
a5d04d531e1242e3b27292b6762172ed,5,98,3,55,81,,,,,,51.0,45.0,16.0,37.0,16.0
eec259dc7f95497ca76aa6ced50755d9,58,36,19,87,14,65.0,17.0,30.0,95.0,46.0,,,,,
b495db4e82454fb48ab7706eb77350ca,45,31,95,86,31,38.0,73.0,85.0,4.0,5.0,,,,,
7b85179ad5b047e0aa5d932b45ff2c83,44,44,47,43,97,8.0,26.0,53.0,90.0,92.0,,,,,
74eff5453e654603b8e3654bfaf14ff0,94,3,43,30,71,,,,,,90.0,8.0,13.0,78.0,83.0
30cbd7556232417aa50741818d1fb540,4,50,1,90,6,,,,,,98.0,8.0,78.0,92.0,100.0
bf0d073d821c43369970cf60ebff8d15,63,32,44,90,77,,,,,,6.0,30.0,64.0,65.0,54.0
11df12d7dd304e89a2f235f2e11b868d,61,22,36,86,12,,,,,,19.0,38.0,41.0,4.0,43.0
dabac50dca3d485985ce099c46b82659,64,55,98,29,22,4.0,87.0,52.0,88.0,80.0,,,,,
c9a7d91fef2a4713970210496a39aaa6,20,40,33,43,45,,,,,,70.0,99.0,95.0,68.0,79.0
00a81de9d20f47d084656d6b81fb18b3,28,47,1,85,1,,,,,,61.0,52.0,89.0,56.0,25.0
d664d2644c6e47ffb9de7a3a486822b9,60,7,19,28,27,74.0,53.0,53.0,78.0,88.0,,,,,
a8f1e091ffb8402d9475dbc996418ced,37,17,13,34,28,,,,,,72.0,0.0,71.0,93.0,68.0
7250ee18260a49629d81b7f57d5911c6,88,74,42,64,30,,,,,,64.0,42.0,41.0,70.0,6.0
551ac8ea585a4afabbfdcc1289e06ab3,99,56,88,28,41,,,,,,20.0,54.0,49.0,85.0,29.0
6090d6978b1e4b9d834b9fbb8d4a75b8,9,25,25,84,49,,,,,,27.0,24.0,47.0,52.0,50.0
de9e37575260401eaecf67d2749176f4,13,78,36,14,72,32.0,27.0,4.0,12.0,59.0,,,,,
3d225c30b28f41debb140bc3304b8590,4,27,59,8,90,,,,,,67.0,33.0,100.0,11.0,75.0
db23aa8c3bca4f85a20a60ac9261549d,11,12,56,92,46,,,,,,13.0,63.0,24.0,11.0,3.0
517400f80b2c482aa9288e92c68a152f,89,54,70,82,12,,,,,,79.0,44.0,26.0,16.0,67.0
e9d68f23b4894070b914f8a8bea4ff31,87,9,5,42,24,84.0,56.0,16.0,46.0,49.0,,,,,
fd08b32c62d64e93a1985d54cfb87e6f,7,3,100,36,19,,,,,,59.0,86.0,93.0,56.0,14.0
a6eab79ed21c42f88ada4f80a9e782d4,44,73,19,7,38,,,,,,49.0,53.0,60.0,56.0,96.0
f6febc0e7ecd4bafa6f05fcffb16e5db,85,80,55,89,66,,,,,,32.0,32.0,86.0,56.0,39.0
f72169bb80964718a051acef097a1e10,54,38,61,0,91,71.0,66.0,32.0,75.0,19.0,,,,,
19b17e80dea44e1794fd9ad39716108e,46,16,50,78,74,,,,,,70.0,2.0,37.0,30.0,76.0
1986b4b270b74868985480f0dfcaf0b7,46,18,36,4,90,,,,,,30.0,37.0,29.0,5.0,67.0
03edd1f874f94d17a912b4bf86a4bae4,71,55,44,0,18,,,,,,95.0,39.0,79.0,32.0,4.0
def5768968f44bcea4e75e8eb8f21423,37,59,80,43,35,68.0,8.0,52.0,4.0,90.0,,,,,
1327f1bc2784478fb84f16b3a79fbfaf,20,68,73,60,52,,,,,,49.0,69.0,52.0,73.0,17.0
43d88870f81d4aa188120a8e78308930,74,72,13,10,62,40.0,77.0,29.0,21.0,56.0,,,,,
65c17795b15546bc9f8ded9756abf2f1,65,92,60,82,65,0.0,19.0,42.0,80.0,30.0,,,,,
541cdfcdda0d4a5f948f8b74a65bb1f2,78,49,62,89,56,25.0,22.0,41.0,30.0,99.0,,,,,
889b78d5dbfd497eaca2b148da330aa1,70,35,4,38,54,60.0,76.0,78.0,50.0,17.0,,,,,
a075e92751104492b4427e0b61484bb3,4,31,4,45,18,,,,,,99.0,92.0,7.0,0.0,82.0
7cea2045c268483ea32f2e63b7fddd71,49,58,45,41,55,,,,,,33.0,14.0,34.0,29.0,42.0
9e11d2cd09304ef68a80068ddf547e50,64,18,12,40,23,,,,,,32.0,93.0,7.0,61.0,59.0
af34cf65a19344b2bc19e71d118405ad,91,29,75,99,35,,,,,,36.0,67.0,46.0,6.0,22.0
3a3c8a71ff574e2b8991ab9bebc2026f,12,18,91,21,83,54.0,27.0,55.0,91.0,31.0,,,,,
fa7457616f1841089723199dbf2c14a0,4,52,53,77,13,63.0,17.0,64.0,50.0,23.0,,,,,
b4323070a23d4c2f82a796891933918c,22,7,90,26,90,54.0,68.0,73.0,47.0,54.0,,,,,
2a96e1e271944ae299bad7aedf615a5c,100,49,15,46,75,,,,,,66.0,93.0,26.0,11.0,67.0
0769165fe7464cb98ca9cf07b1aa0f6a,90,5,13,69,38,,,,,,7.0,62.0,22.0,40.0,36.0
0e5dd462cbd04ef2930a37df0bc61066,89,32,6,34,99,,,,,,72.0,45.0,1.0,84.0,5.0
6e417d475ff545ea9bc440f14b1a269b,36,12,64,54,73,66.0,78.0,76.0,94.0,60.0,,,,,
697c392387fa441abe83b91f25440fe0,10,84,78,79,18,,,,,,30.0,45.0,0.0,37.0,19.0
2e183554cae24e66ae8a781390e0a95b,40,27,77,96,86,54.0,84.0,33.0,91.0,19.0,,,,,
9c07a75114374509acd1586a2b840c67,27,100,48,19,91,76.0,25.0,97.0,69.0,93.0,,,,,
aee1e86b9ea546aaa1ee6c5bdeef580f,30,45,73,68,2,,,,,,36.0,48.0,54.0,4.0,46.0
9549c931e9af499dbf671eec3da70577,63,4,88,82,75,74.0,96.0,8.0,19.0,93.0,,,,,
a34db7c5760d4bbbbb70b3a124a35cf2,96,71,64,33,60,,,,,,84.0,56.0,17.0,92.0,24.0
aab612c9415d474ab5a669814104a8b5,43,1,10,3,41,,,,,,8.0,52.0,82.0,91.0,51.0
771ad655cdfc4ee0a61ede900267deb3,16,40,46,36,17,21.0,32.0,9.0,56.0,32.0,,,,,
8beddb12ad77482f89a23a89e6b5a92c,13,60,38,17,78,,,,,,18.0,9.0,13.0,82.0,65.0
f1faf665711543f392e89d1028711733,50,37,96,22,60,1.0,41.0,66.0,86.0,94.0,,,,,
4c955f6a966b4964bcd6bdca5876fd09,92,66,8,71,43,5.0,94.0,5.0,1.0,60.0,,,,,
b0b862ef6c9f42b9b6478986a3917c99,95,34,3,72,92,82.0,75.0,78.0,16.0,96.0,,,,,
4d57d880d865469ab4f3310340066ff2,1,29,55,51,73,97.0,55.0,16.0,65.0,82.0,,,,,
da743152627b41a1bfd6f23232ffe294,2,21,21,25,20,22.0,22.0,30.0,88.0,52.0,,,,,
61a117293cb943509b4da0fe7bb38605,57,29,11,94,47,,,,,,41.0,74.0,33.0,82.0,1.0
4bbe4aff93264ffd9be4bf5192698698,38,71,2,96,68,,,,,,75.0,96.0,74.0,58.0,42.0
059dd55d4b944e30b303f438fe2110d0,28,78,75,69,40,2.0,47.0,77.0,78.0,87.0,,,,,
6553867da8814fd3947d577bfa5a91ca,89,19,34,80,23,,,,,,0.0,19.0,99.0,60.0,46.0
dd750e9890e0495f8212b554464458b4,14,38,67,40,6,,,,,,69.0,84.0,49.0,10.0,41.0
f93e08d5bea24dfe873f6e1baf908e3c,47,82,54,42,78,,,,,,74.0,7.0,62.0,44.0,19.0
bec39a379b3d44bda91e314e0c8e29e3,99,96,75,33,27,,,,,,14.0,22.0,27.0,43.0,59.0
e726be23e77648869534ee1d7f2984f5,71,45,21,81,19,,,,,,43.0,61.0,58.0,41.0,58.0
3ae909fecc8248da8696f5e64944051b,50,37,25,39,63,23.0,27.0,71.0,76.0,11.0,,,,,
3810ae665a3144cc8d4b69a99b689c88,5,82,23,19,47,50.0,25.0,28.0,15.0,80.0,,,,,
402913ec9ef2493eb0ac7d7ba2f963a3,15,82,98,56,89,93.0,5.0,62.0,97.0,94.0,,,,,
c478f6f1b88e4318816d83edad81f8bd,44,4,78,61,56,,,,,,9.0,61.0,55.0,41.0,56.0
2303f6c6d69d42f1ae4c84ffa8c01f05,64,50,37,45,72,,,,,,34.0,2.0,29.0,72.0,81.0
a0a11839e745470498dfbc3ca0d4de3d,21,33,74,40,40,89.0,39.0,79.0,81.0,98.0,,,,,
c9e260744f1649a08a17991ea5769411,82,75,60,72,52,,,,,,38.0,75.0,13.0,95.0,61.0
5d678bb1945e42e4888a93ec70d9c9f8,53,43,38,91,47,20.0,45.0,13.0,95.0,47.0,,,,,
e8dd5e5a17124b16a1a4344fbb7bee03,55,27,40,18,43,,,,,,89.0,61.0,14.0,59.0,59.0
6a5e6920bf5a47e693a3dd5a4b8c5bdc,81,85,2,95,32,,,,,,34.0,31.0,93.0,97.0,14.0
c958e75e21d54971b36749b52cf6bf75,92,22,82,0,6,14.0,79.0,23.0,49.0,60.0,,,,,
5da8d6d2f8b34a8ba05fb8bc8a16a06c,23,17,95,68,61,75.0,32.0,49.0,16.0,30.0,,,,,
45c45a3ee9da484a80759f1f87e5f0fe,13,68,97,15,45,,,,,,100.0,2.0,97.0,41.0,0.0
e9ff1cae41c84a8caa1f955ad499da99,88,7,5,32,41,,,,,,35.0,22.0,49.0,98.0,82.0
f7a67b947b5a411ab1b64afed31edf1a,31,57,2,38,84,,,,,,54.0,9.0,78.0,72.0,21.0
ded255d0bf1e43668b8e63d4ce7607ad,10,83,99,52,37,,,,,,59.0,46.0,78.0,92.0,0.0
77e490c71d7b43138de22f1c56b60afc,93,71,33,81,15,,,,,,90.0,23.0,81.0,35.0,42.0
c1101266240846dc9346d1a9f6802cdb,82,86,92,12,84,,,,,,87.0,2.0,14.0,96.0,98.0
ad238d36dc324c97b9c1e262f76c8ede,13,45,61,59,7,,,,,,36.0,29.0,44.0,55.0,25.0
65bcc272fadd4ea3aca5e2fdb966442a,52,41,48,45,98,,,,,,32.0,41.0,99.0,17.0,41.0
8eac0a33cdf944a79882b5c1f79efd70,86,90,13,65,80,,,,,,75.0,10.0,61.0,3.0,36.0
6502d6a2ca6a4224971e16cc5da36f1b,99,92,83,9,15,,,,,,33.0,35.0,48.0,9.0,27.0
1fa382e8895c4d9983b38eb403902c5d,29,75,92,92,29,,,,,,59.0,66.0,2.0,21.0,47.0
bfbf397bac3e4b0d9e5ba13d746cdb77,36,88,30,18,67,,,,,,72.0,13.0,34.0,89.0,11.0
618ae30595a54afa831d029fac1e86d8,56,52,80,55,65,,,,,,56.0,70.0,28.0,8.0,11.0
5f18e583f0b6483fa377f6f1d289f0ab,75,2,54,39,12,10.0,30.0,44.0,57.0,91.0,,,,,
78b2b5493bdb409eacc216a01bbc91f7,8,68,19,70,2,,,,,,50.0,100.0,23.0,84.0,62.0
f1738856e25d46eb9e9a9f83066803ee,94,53,27,34,84,,,,,,47.0,83.0,100.0,46.0,15.0
9c2e58deea4e461793f8382b8fb864e4,22,84,56,30,55,,,,,,9.0,27.0,78.0,42.0,3.0
a2a9d4d8102e4de5a5cc8bf738ab854c,92,11,5,62,26,,,,,,43.0,46.0,15.0,67.0,45.0
b379cb1ee8cd40ccb6da3ca0d2e82f38,76,93,0,25,25,23.0,55.0,97.0,70.0,99.0,,,,,
1dde7969688643dba6348e784d5c55c7,68,65,49,76,37,12.0,34.0,33.0,35.0,98.0,,,,,
0986bbebf23e423d8b9bd93423c86d30,59,41,21,21,23,80.0,97.0,7.0,24.0,18.0,,,,,
1dba12677e1c45a1bef518a64dead645,73,79,27,2,4,18.0,82.0,51.0,50.0,96.0,,,,,
899ca782e3234d1abc1bdacc18e19331,0,3,49,84,43,35.0,3.0,8.0,50.0,36.0,,,,,
5efa9c5b74214f46a37e4b0122bae10e,60,22,49,58,91,5.0,79.0,3.0,58.0,21.0,,,,,
b24cc64fbe3e4e57b30a9e32aba4fc03,53,55,51,29,46,18.0,58.0,71.0,61.0,23.0,,,,,
965befdf6b4b44118a4a0e2df22b5b98,55,16,43,72,86,28.0,85.0,38.0,44.0,6.0,,,,,
e2aa7a5d278e400dba0266efbe055787,51,31,9,48,42,88.0,45.0,66.0,11.0,61.0,,,,,
d56ce8ea19594b5aa7a8f6366a35df59,35,50,68,2,30,97.0,0.0,24.0,57.0,71.0,,,,,
f065c817687a48509d9b62317d45d8ef,20,57,85,47,17,4.0,11.0,66.0,64.0,90.0,,,,,
b0b63bcf08604833879d0cdaf396ea37,98,44,83,27,6,,,,,,66.0,87.0,71.0,96.0,66.0
71d7966571814dcfb79efc6e5edb0d3c,3,52,41,84,97,28.0,21.0,41.0,16.0,63.0,,,,,
5cd8fe1adafe48a9bc71e0bef3579560,17,38,25,16,11,34.0,50.0,98.0,28.0,46.0,,,,,
5e09a9eeaf884decbb1e143b196f4dfa,32,75,56,41,65,25.0,84.0,8.0,76.0,66.0,,,,,
a5135ea0fa53434da6d5901d8b621d41,7,28,38,88,91,77.0,30.0,77.0,55.0,16.0,,,,,
46a02a9b65ec4acd8f8035f55bd20c98,2,9,13,94,25,,,,,,31.0,63.0,12.0,91.0,8.0
f2f25eef1f454bfdb7dc67e030974b2b,94,49,7,98,14,,,,,,38.0,42.0,61.0,13.0,67.0
1777e8cb74684b9892fe2fded918b3e5,28,72,5,84,69,22.0,36.0,14.0,17.0,7.0,,,,,
a3b5cecea4464e72b64c911aa9ab364a,88,43,59,45,85,40.0,47.0,32.0,52.0,52.0,,,,,
0cf2b69b05774ea9b899924698de8ebb,64,81,58,43,61,54.0,34.0,50.0,23.0,89.0,,,,,
fd235def3e5a47e39560db22c96b5edb,79,49,84,62,81,,,,,,70.0,98.0,69.0,82.0,85.0
34885a4690884eaf89776598203c8c25,91,62,99,33,41,36.0,62.0,25.0,96.0,10.0,,,,,
8de08fc2c3e14a85946ef10411906f50,48,70,42,9,71,75.0,80.0,94.0,64.0,95.0,,,,,
d0243d723748467f961d33ba350843f0,9,98,14,58,47,,,,,,95.0,17.0,80.0,21.0,23.0
c63d04ee541c4a86bba5cd2fdea45c19,17,0,98,2,36,,,,,,90.0,3.0,90.0,26.0,32.0
989240ace68943a989e48e8c25c61c45,15,60,7,89,10,,,,,,27.0,72.0,61.0,53.0,19.0
fbe94499dbc040fd86fb7bf300b9d4a3,100,60,41,74,93,49.0,13.0,63.0,64.0,99.0,,,,,
8a4b8f7c21474a15bcce96f6250a4578,48,17,14,17,52,68.0,64.0,38.0,35.0,51.0,,,,,
1c24220e2cab47e78c6b66e5402adf9c,26,37,50,69,4,,,,,,26.0,20.0,57.0,72.0,70.0
21bddb41069947319dcf8766a93b12cd,25,0,12,67,80,67.0,44.0,16.0,39.0,33.0,,,,,
c9d6a63bca3c4f5f9bb5c40c03cde2e3,83,2,30,5,26,,,,,,27.0,36.0,19.0,66.0,27.0
040a3aae52e24fd996bf10ab3ce915e7,43,67,23,61,23,,,,,,61.0,30.0,97.0,16.0,24.0
20733f6d0d6a45b383ef20162c9b662e,37,72,20,42,64,23.0,12.0,99.0,61.0,68.0,,,,,
1d181ee986ad4a8cabc4123ebde13c1b,4,14,89,69,14,,,,,,53.0,37.0,89.0,4.0,26.0
72c22a1679eb4168904556e5bee3eb79,47,54,61,86,41,,,,,,56.0,16.0,3.0,2.0,36.0
97fa7f04836340079cae9610c72c1fe3,24,11,7,93,20,45.0,39.0,31.0,18.0,50.0,,,,,
38b77c0780fb4296b3b6a09b1beaf6ac,95,56,19,34,9,85.0,63.0,65.0,100.0,29.0,,,,,
ba2c98ce0b19488e9d77a45ef206c269,50,64,78,98,20,2.0,54.0,25.0,32.0,42.0,,,,,
a8addf36ddf245eba8a3f341c8819065,16,0,4,27,67,,,,,,47.0,28.0,90.0,57.0,97.0
a4b1f991754246468d37a539857dd3b3,1,93,41,27,97,74.0,58.0,14.0,13.0,93.0,,,,,
ffa361be0f9240e187f97d05f6ca6b8b,53,33,17,41,21,1.0,5.0,61.0,87.0,23.0,,,,,
6d20449666d0437198e88ebb7a9e8eef,9,10,63,43,44,46.0,5.0,59.0,0.0,100.0,,,,,
b65feea97d8242649ba362e7afa415e5,49,65,60,82,6,,,,,,46.0,41.0,16.0,44.0,20.0
e63658c912d0498db18d4d05e8e22743,68,53,67,42,37,51.0,48.0,39.0,55.0,45.0,,,,,
25f934bf9bb941559275eb9414aeaf5c,68,32,35,32,32,,,,,,24.0,7.0,95.0,31.0,84.0
9fd34579466742cea04e178c10d08d11,46,73,12,91,27,,,,,,65.0,44.0,15.0,85.0,18.0
b64fa54a8c61465495da75c1a21150f9,76,11,62,16,8,24.0,85.0,10.0,60.0,39.0,,,,,
98eeac2bfe9f4caaa182f347533f5a72,40,58,95,92,36,74.0,71.0,13.0,56.0,60.0,,,,,
816bcb9f742641938b7e6b3c87d292a6,8,58,33,11,27,,,,,,86.0,60.0,23.0,70.0,70.0
cb08587d1963426dae218b099afd4015,86,92,27,57,73,,,,,,14.0,33.0,43.0,40.0,7.0
a79b44b6da504fed9d4a3d81b3a7d0e0,3,18,2,89,70,24.0,89.0,97.0,16.0,22.0,,,,,
8d244e3ec4da4ddba0b15abaa6a27967,85,62,89,22,73,,,,,,43.0,62.0,38.0,64.0,9.0
6e191042370b40639d90e79eb888f6ed,45,61,46,22,88,62.0,17.0,16.0,59.0,88.0,,,,,
69efafb13a7e4e14a359eee173991a47,43,45,6,77,5,,,,,,62.0,91.0,60.0,43.0,14.0
66132e697418410993d1bf0f56c438e4,91,33,55,14,64,98.0,87.0,1.0,68.0,81.0,,,,,
50032b3518574bafbac7e2b96a7e4c36,56,30,92,38,44,41.0,62.0,66.0,93.0,100.0,,,,,
4140752caa44425990018b7b6d4067f4,41,33,33,89,40,,,,,,64.0,37.0,14.0,75.0,61.0
afd380c42713482cb41ea3ac5fd23109,68,22,84,93,59,,,,,,61.0,21.0,34.0,74.0,54.0
175a81ec112f4612b9699ed2ec48bf55,8,76,100,47,41,7.0,69.0,70.0,99.0,87.0,,,,,
6e8f75a117dd4d8195da705cd4ef00aa,49,74,47,42,49,,,,,,62.0,68.0,25.0,38.0,24.0
5f65c8cebd214c11be9d61ee18b87245,87,96,33,12,66,,,,,,96.0,90.0,71.0,22.0,78.0
0f5ae9d38e6e4003a14f3f12cfd01cbd,96,27,67,35,21,77.0,21.0,43.0,97.0,89.0,,,,,
8fca7b6a8fc44092b4e559e596229348,32,84,45,42,7,,,,,,100.0,19.0,11.0,99.0,46.0
692ac1391f4a4ca1ab85fd595463adc7,43,51,52,10,58,,,,,,9.0,95.0,14.0,21.0,76.0
f0ede303aa53419c9fa4bb9f5a856750,84,62,71,34,10,25.0,6.0,72.0,54.0,10.0,,,,,
ea74bb18de3b496fac4596f6c012a0ff,43,97,16,35,30,,,,,,59.0,79.0,22.0,91.0,73.0
49a214aef7e848e58d2b91efb8976ec5,61,85,36,47,19,100.0,26.0,64.0,0.0,15.0,,,,,
1a85910d5a054c118ffca6b199b479d4,47,12,42,94,91,,,,,,96.0,47.0,96.0,39.0,94.0
279c658a36764ce581e5c9f693f277cc,58,17,7,9,63,83.0,21.0,83.0,85.0,76.0,,,,,
d8e7012f39684c81bb70c3b8a81fdec3,25,71,90,15,2,,,,,,48.0,85.0,4.0,14.0,48.0
8e676a01d86a446099a1120e1bb43332,61,40,25,9,91,,,,,,88.0,41.0,23.0,38.0,71.0
47503f1dc33a4f6c9d691fba5e187b24,8,58,57,7,71,,,,,,51.0,88.0,100.0,96.0,56.0
6dda4f8dcea64f4cb9e58ff092f837d4,66,9,93,61,35,30.0,12.0,24.0,2.0,22.0,,,,,
c4767556f97b42dd8f9b72aed85c16bd,79,6,45,20,1,59.0,31.0,72.0,4.0,100.0,,,,,
accb461a9d1343639f294a8bd1846c39,78,100,68,96,64,,,,,,21.0,40.0,23.0,19.0,35.0
9be7173706b842318e867f3ca487eeab,27,76,64,60,59,,,,,,62.0,4.0,21.0,32.0,69.0
b18753e6d4574ad9a867a096edd877c8,50,2,99,21,5,,,,,,1.0,24.0,84.0,37.0,62.0
45f50c522e2f4f77876979d644777442,2,86,27,54,56,47.0,82.0,30.0,46.0,98.0,,,,,
ebe9e2074f194ec0832d4526b3e4110a,52,74,16,23,82,93.0,82.0,64.0,63.0,39.0,,,,,
2e7098380190462099dcabd056febfb9,88,90,74,64,78,82.0,16.0,96.0,3.0,31.0,,,,,
a847bce790fa4b57a4ac2130deaf528d,48,19,51,81,64,,,,,,47.0,15.0,99.0,47.0,65.0
bdb025ff245145a491d059b26699cd99,77,23,29,75,61,34.0,39.0,22.0,17.0,98.0,,,,,
177d6e7e07d944ceb8c88faea2178f84,46,7,23,21,71,92.0,8.0,30.0,24.0,33.0,,,,,
604e46cb371242d187cdb6a1bf012e32,69,65,10,4,13,,,,,,88.0,30.0,60.0,54.0,39.0
284bf96257444596b42221676b7a2460,60,79,51,85,20,,,,,,32.0,23.0,49.0,45.0,30.0
530ac1c7b8ba43688fc777685ebbcca5,20,73,77,53,3,,,,,,41.0,53.0,3.0,43.0,15.0
98a21f1c914d4faeb10013a7c6deb2f0,8,64,38,38,3,,,,,,32.0,34.0,96.0,52.0,89.0
27d415b60d7745a0a222b6a615bfbe97,8,95,69,37,53,,,,,,92.0,58.0,16.0,11.0,82.0
0cbd3c039e2a44ac8122b5b3284c03d2,5,78,71,44,99,,,,,,10.0,9.0,61.0,89.0,77.0
716fda0a45a8482994e286e5ac8936bc,97,98,79,34,4,95.0,48.0,83.0,3.0,28.0,,,,,
9b69554d7c54435fac8c3b6aa974d079,49,36,29,22,79,64.0,81.0,73.0,86.0,4.0,,,,,
372f871a45ee432daa07f2137129cec7,77,74,21,3,80,,,,,,93.0,22.0,88.0,35.0,71.0
585d3f861d2344e6832920b7c143f426,45,89,18,94,90,32.0,15.0,18.0,33.0,21.0,,,,,
ad9fb00d4882473c9c6345ab6e0ed1e8,34,56,70,82,96,33.0,96.0,28.0,61.0,83.0,,,,,
86e527537c9346cc97d7a560adb14670,89,34,49,80,85,,,,,,11.0,49.0,40.0,5.0,10.0
3873e57f0ba048e88ef492c1aac93316,42,14,38,88,79,,,,,,72.0,43.0,72.0,64.0,3.0
0e0630cd996d4c50bc04a168652ffb49,1,50,76,90,29,47.0,82.0,30.0,22.0,13.0,,,,,
f200c2614d2941abb45512f701f7c7ec,65,98,59,2,28,0.0,7.0,54.0,45.0,15.0,,,,,
c3a00c6f232141e1847104c036136e15,45,45,64,6,19,,,,,,24.0,86.0,39.0,84.0,54.0
1eb74b5653ff43a28a1935014169b9fc,71,91,8,69,32,,,,,,0.0,71.0,8.0,99.0,53.0
6e3f683abf3c4140bf54a51101fa964e,90,2,11,59,80,13.0,2.0,61.0,1.0,86.0,,,,,
8857511761554667a112507c2cfa55b0,31,94,71,5,40,58.0,22.0,32.0,4.0,10.0,,,,,
8f0881ee8011416bbae88926b423ccde,41,97,85,6,81,50.0,70.0,70.0,18.0,19.0,,,,,
5aaab32fce6342b6ab05347fd556b37d,26,70,2,6,10,100.0,27.0,97.0,66.0,96.0,,,,,
bdf66ba5dc9c46dea5a674c212738a23,38,79,98,36,88,93.0,15.0,56.0,46.0,24.0,,,,,
75b2745504cc4edeafac16730ad45230,18,5,20,56,96,,,,,,68.0,77.0,23.0,25.0,86.0
5024bdc6dcb34df393eecdc6ebd14d2c,100,76,76,91,95,84.0,86.0,27.0,100.0,77.0,,,,,
6788420992ca425aade593329364f3d0,43,34,67,48,75,,,,,,34.0,68.0,52.0,77.0,46.0
4a1dab326aed4dc7a3e05309b5a1b949,25,30,90,57,76,,,,,,13.0,59.0,18.0,64.0,27.0
f758dce205564aeaa7b032831d7c0098,72,11,2,96,45,68.0,15.0,76.0,95.0,37.0,,,,,
f296d9f0cd2342c2abffe17b532401fc,65,27,53,70,31,60.0,58.0,27.0,13.0,3.0,,,,,
b08a4895d4ff4666b5c8e90d9e3d750d,63,53,44,6,31,,,,,,35.0,53.0,57.0,21.0,59.0
6fcc57dd168f4e129ca260c9eb7607c9,88,51,74,43,31,94.0,95.0,61.0,64.0,37.0,,,,,
6f887f283e494d099b19d8b8d8302081,90,11,17,51,51,,,,,,74.0,26.0,18.0,13.0,99.0
1422373f862248d1a683e10796c044d0,88,58,5,75,57,97.0,94.0,92.0,12.0,93.0,,,,,
beed10b64f6e474b9edab0276550f74a,15,60,82,35,65,,,,,,65.0,92.0,8.0,0.0,62.0
c77444cb55434c3cb8b8f24e56ea57b3,19,60,90,78,24,,,,,,81.0,72.0,17.0,79.0,95.0
a21b030782af485c938d994c2b0abedd,74,0,38,7,34,,,,,,14.0,77.0,69.0,3.0,56.0
31a3ac4d828c47e787d5b7be1d30d990,99,97,35,31,71,,,,,,80.0,98.0,24.0,11.0,44.0
59e1ac095970485986b6e4ade7ea8d5a,38,65,85,90,37,16.0,0.0,57.0,2.0,92.0,,,,,
a53bc024d1a64d87b54e2019ba35844e,71,99,70,91,2,,,,,,42.0,98.0,45.0,75.0,37.0
1a5165ca3c7c4d85a5cf0041d0a643fe,8,10,36,95,89,,,,,,38.0,32.0,82.0,19.0,89.0
2c6a6e9a328047a18187222b257d5e52,60,83,19,57,89,,,,,,58.0,87.0,36.0,67.0,37.0
c257cf73c29d482ba722796e9a36d1ec,59,7,25,27,11,20.0,42.0,30.0,66.0,10.0,,,,,
f387e1bd2d5942c6934a5a2fa7cf705c,79,88,78,48,39,4.0,44.0,55.0,11.0,78.0,,,,,
76c5a0dc7e7e4419a0c14035c5d95f51,45,46,90,44,77,,,,,,77.0,28.0,14.0,28.0,29.0
9458054ec2874f069050f7efc1235c91,59,70,14,45,34,9.0,71.0,24.0,33.0,28.0,,,,,
e1cde87fec954f87ae5ec36572eb7474,56,76,89,30,18,76.0,2.0,82.0,78.0,19.0,,,,,
fc8d5b93a2a2491fa49b1cd99082889b,57,46,81,51,64,44.0,31.0,19.0,37.0,54.0,,,,,
f891b0c3dd3f487e92bdc6619fe0a8c7,25,25,18,47,86,65.0,8.0,60.0,93.0,5.0,,,,,
70944bdb26a544e390ee7a92a09151e0,51,53,45,77,19,,,,,,42.0,9.0,30.0,2.0,19.0
a1a2748571344c2ab80b3657117b355b,18,17,56,21,55,,,,,,52.0,49.0,83.0,65.0,54.0
97674900465143678bdc43184d85a3d2,59,36,7,57,3,92.0,57.0,90.0,99.0,44.0,,,,,
12fe28bf81e044899a18e2a30e614bcd,7,100,81,11,53,,,,,,21.0,66.0,39.0,91.0,47.0
09a0a0f673b04091b634c1694f76e388,92,68,30,57,98,40.0,76.0,76.0,40.0,94.0,,,,,
497de16dd4ea420a9e6596540e9058b6,1,98,86,38,38,57.0,0.0,80.0,85.0,66.0,,,,,
fa34d2e8dd3f4d7ea508dc9513a4a492,20,7,14,23,22,,,,,,41.0,19.0,20.0,21.0,77.0
98159d6c9d714084971dabf9daf481a7,23,34,59,98,100,0.0,40.0,98.0,25.0,27.0,,,,,
949077c27674456fa26d719d81cf3252,6,100,30,63,7,,,,,,9.0,85.0,66.0,18.0,40.0
bd29ede9cab4423bb44883858de7ad6c,20,3,95,11,42,79.0,55.0,16.0,25.0,59.0,,,,,
e8b77f7b73214f6b8a8076ece5582e16,24,1,60,0,60,,,,,,29.0,32.0,25.0,7.0,83.0
30307633a6de41d8925817b7cf501889,16,74,5,28,25,100.0,75.0,83.0,12.0,11.0,,,,,
80599b9379c242e49ae1a991524f93ff,52,63,82,55,20,3.0,61.0,72.0,54.0,87.0,,,,,
73557b9d0fd6447eb52d4af2269ed4c9,87,24,49,38,32,49.0,32.0,21.0,30.0,93.0,,,,,
d65e59dde62d4d068f9b85581a7f195b,16,25,77,93,96,73.0,87.0,83.0,71.0,18.0,,,,,
15969802b6dd4257bb7d9f1c57eb89b1,63,34,32,65,10,74.0,22.0,87.0,60.0,35.0,,,,,
0a0537f02c2c422ba56895c6812a1f9b,24,71,26,34,73,55.0,49.0,22.0,3.0,88.0,,,,,
fdb1429e70104d13b526b22d3f6c21f7,82,51,82,83,41,84.0,31.0,68.0,24.0,77.0,,,,,
9c1c351785d240a686295b5d707df251,8,77,58,0,35,44.0,67.0,62.0,85.0,42.0,,,,,
eafde7d95f734a3e9d286aa428a39779,11,67,22,6,99,,,,,,84.0,49.0,28.0,92.0,33.0
c643530068a54c68a32dbb5e486bb6bf,95,64,53,9,84,73.0,40.0,16.0,32.0,95.0,,,,,
0d67d38e990f4c5badcc3daf569f3ab3,23,1,88,87,2,21.0,72.0,12.0,65.0,49.0,,,,,
55ab946da5b54dc2a181c85eca0ac6ac,72,52,19,57,24,,,,,,38.0,62.0,4.0,94.0,33.0
8ed6ad5e18314aa394669d1910df9974,16,32,48,62,63,97.0,65.0,61.0,42.0,27.0,,,,,
4082cbb948bd4b3ea2f5df2badaa44ca,55,38,35,60,35,92.0,79.0,21.0,97.0,37.0,,,,,
f6e39356a81445629a003f16b9469bcf,38,20,53,2,70,28.0,50.0,46.0,79.0,40.0,,,,,
267eddcedf8f41979a4a99b2e806133c,49,27,42,64,97,,,,,,58.0,69.0,61.0,84.0,33.0
a9e27ba9952e4abb94dd5061555736f8,73,35,77,56,31,,,,,,40.0,3.0,18.0,73.0,38.0
4f6b58c8598d4aecaaafe5432434a678,16,60,57,72,53,,,,,,80.0,2.0,35.0,51.0,62.0
a981b098b2cf452da7f333b3f7baf55e,40,76,97,63,61,5.0,26.0,3.0,19.0,28.0,,,,,
b576255e98544f22a102f9c964575bc4,37,44,83,53,89,71.0,76.0,49.0,87.0,96.0,,,,,
8f1584494f40422f95b02530f020e992,86,37,70,54,46,,,,,,13.0,66.0,29.0,27.0,62.0
54170a17caaa4bbea4bbf962606e0e1c,95,4,90,77,97,,,,,,89.0,73.0,72.0,15.0,31.0
b3ecb951ab8c4f97a0b71785d02ce0c1,28,24,19,45,90,,,,,,54.0,29.0,72.0,67.0,64.0
ff4625afbd20463bb275b5f3d436a7a8,48,74,51,39,96,,,,,,93.0,82.0,36.0,42.0,4.0
17ec889c86c146cba99630f7af77520e,95,72,11,44,79,28.0,39.0,32.0,41.0,52.0,,,,,
822c4d326c644c15aba301cba561e1e9,1,69,90,66,76,39.0,23.0,2.0,50.0,35.0,,,,,
4f11d8dc5cd3436984aac1b75ca0c428,2,94,32,32,69,,,,,,66.0,16.0,55.0,80.0,38.0
577bc55a36d54494b37fd50d2e25b5ee,98,61,53,40,95,,,,,,82.0,73.0,40.0,6.0,17.0
312741487c7c404e8422d03ef29a6339,85,12,2,60,97,,,,,,12.0,8.0,18.0,36.0,17.0
27aa7cbc23374bbcbffe77c839feb99c,44,97,61,20,22,0.0,59.0,45.0,14.0,86.0,,,,,
c9c23e69d82c45658bb907ec13c11754,38,92,19,74,61,,,,,,56.0,47.0,92.0,3.0,93.0
8a2e6a93c5584bb281f7f3fb19e45c6a,54,56,68,52,54,62.0,13.0,89.0,40.0,72.0,,,,,
86cac6f4e2384e93bd17c5e8d5ca69ab,1,23,52,66,100,,,,,,14.0,52.0,63.0,55.0,14.0
e05b46c556364094a97431db09a9d1c1,38,26,82,97,11,,,,,,25.0,15.0,79.0,50.0,39.0
98e52499218c4e1c9e374f7ac42cbc39,98,77,58,7,12,,,,,,12.0,52.0,6.0,0.0,42.0
2e4bebc429894880a77d1be96070b6a1,72,100,99,71,55,,,,,,77.0,39.0,36.0,68.0,1.0
9feefdffc5664a81b15e54f6d4d30795,28,36,19,27,71,,,,,,81.0,92.0,54.0,43.0,12.0
b89f72f32a604652a7147668cf1d7d3a,97,45,17,65,52,,,,,,79.0,34.0,9.0,66.0,34.0
5d42b9e9692e47b68b2f6d5c700b5d5f,69,72,93,88,76,92.0,4.0,54.0,19.0,29.0,,,,,
f836f5713cce476cb836c448ad261ec5,37,4,7,95,29,,,,,,78.0,39.0,32.0,21.0,45.0
c09cb50648f1496d9c4ffb4671b701aa,82,53,93,88,70,,,,,,42.0,57.0,90.0,51.0,5.0
3be79df472ec416e88a723e9bfa016c2,73,18,23,49,64,,,,,,1.0,14.0,10.0,69.0,71.0
f73157494f3949a8bd3a258288b4f474,82,99,47,99,16,68.0,32.0,3.0,53.0,53.0,,,,,
e76adca97811480288cc7cfecf01f944,81,0,5,14,21,,,,,,95.0,94.0,92.0,27.0,9.0
ada584175e2a432db1ab0b56d5c9fdc7,70,57,80,23,88,91.0,48.0,33.0,76.0,14.0,,,,,
70cafdd8fc044f0892070158f2771f63,9,56,25,44,12,5.0,73.0,20.0,43.0,62.0,,,,,
c73323044822412084f9eccd7630a8a7,22,79,61,21,81,,,,,,28.0,71.0,72.0,76.0,48.0
6b2d5b0987074ad480be7e3561c2645a,67,78,26,41,43,,,,,,27.0,81.0,97.0,86.0,73.0
331f63fbd11f48c0a97ca4fff75d599f,50,89,64,17,53,,,,,,50.0,53.0,78.0,98.0,48.0
df7d0dd7236e46089acb394acd1f5318,32,95,62,13,89,19.0,34.0,12.0,16.0,37.0,,,,,
7b07fd31a4244f238d5ba7cd400035f0,21,96,78,82,87,,,,,,66.0,14.0,69.0,32.0,21.0
ef2ddcc48df641da9f07c1a5dfc620ce,83,17,2,68,20,55.0,4.0,76.0,1.0,7.0,,,,,
8412a335d88c456db61e5fdb1a435206,70,5,11,56,20,,,,,,9.0,31.0,70.0,83.0,25.0
1578d70948f943d09feae1e0d9e604b3,93,26,24,50,90,,,,,,96.0,14.0,33.0,22.0,29.0
7306958845d5468da90a3abbc35b9fea,46,77,17,58,82,,,,,,36.0,36.0,39.0,59.0,43.0
d4bf7a4b25b8442f836b15c7e7c225da,30,23,50,57,85,,,,,,21.0,3.0,5.0,56.0,82.0
e916da57f24843ab977a8a5f6ffe33b3,26,50,62,22,100,,,,,,60.0,29.0,39.0,46.0,29.0
e27718c5737d4fb6911376e038d77b9a,4,31,24,67,17,69.0,3.0,17.0,27.0,93.0,,,,,
6a36af1806d34b93ae33688d597e6845,96,89,19,58,25,,,,,,29.0,82.0,11.0,3.0,6.0
5fbbf0b1808349c8a57e01c90da23e5c,38,59,48,90,31,,,,,,51.0,10.0,73.0,9.0,37.0
14e4180cfe9946a3a2dbc8503c5bf3a7,58,76,91,86,63,,,,,,75.0,53.0,24.0,27.0,56.0
519554e307374c86b97b5f515ffa46ef,90,87,29,51,0,,,,,,33.0,73.0,50.0,53.0,91.0
b6f6dbf1d6d441cc995d82f8ee4a9b5d,53,20,95,73,27,,,,,,74.0,80.0,29.0,83.0,68.0
25637cc3ca974bf595d596afa663d2cd,65,51,57,79,88,,,,,,87.0,61.0,0.0,19.0,81.0
eada79a349704d9a89ce3cfb2339ba19,14,64,37,94,96,,,,,,86.0,19.0,99.0,14.0,36.0
d4c3a832b231460bb8f2ce6bd46b415d,40,21,30,25,99,33.0,20.0,82.0,24.0,87.0,,,,,
781799ffb49e44cc824369e72387eaf6,51,42,0,65,91,9.0,7.0,90.0,20.0,70.0,,,,,
e7e646c7015844639d8776a072d78bdd,6,6,4,9,79,79.0,1.0,32.0,81.0,95.0,,,,,
3735262d41844b0384dd7054144823f7,54,83,68,78,98,,,,,,54.0,44.0,33.0,68.0,57.0
f0b2a5d18c7e4f42a646eaf9d5c0244d,22,40,76,61,38,,,,,,13.0,47.0,1.0,13.0,94.0
6c5a6c93871c48849bdf90f2ba2c0f19,30,65,25,42,16,,,,,,48.0,95.0,20.0,40.0,71.0
3cd5fd7f49c1466986b33fe61c76bdf6,14,72,54,73,69,34.0,72.0,25.0,17.0,39.0,,,,,
3d0a5f0c0c394ec79f3174054d183eba,15,35,37,45,44,,,,,,47.0,46.0,29.0,65.0,20.0
9f708368cb3c48caa39257316b79afcc,96,72,19,32,11,48.0,35.0,28.0,93.0,74.0,,,,,
d6312a801c614ec290142131750565f5,18,93,60,49,43,,,,,,77.0,92.0,55.0,72.0,72.0
893ad23298c343cabff4cec6e7b7b4c6,23,53,88,85,44,31.0,94.0,43.0,10.0,40.0,,,,,
93364f7e83ef49f3a1c7cc8a04351b64,46,69,8,60,43,64.0,87.0,98.0,7.0,50.0,,,,,
4a90cd0c24c143b9b7f285723defa849,14,51,39,69,18,,,,,,61.0,2.0,1.0,73.0,36.0
5a5226e69d6449328066853d6de299a1,42,91,77,6,27,67.0,19.0,17.0,98.0,46.0,,,,,
2ff3cde46aa44c9f921704753d959e3f,1,73,30,94,27,82.0,77.0,21.0,27.0,12.0,,,,,
8603156a15ea4bcfab1021ceaa143cd8,77,23,63,43,79,,,,,,1.0,93.0,38.0,100.0,50.0
f412436011534e999c508720f982f4e0,17,20,16,82,96,,,,,,48.0,19.0,93.0,68.0,98.0
c952518581e04a5e8b48f49686abd4e7,1,97,100,87,16,94.0,21.0,81.0,64.0,24.0,,,,,
0534a1018ddc471981f38dd4fd034ada,4,13,5,25,65,71.0,20.0,22.0,100.0,63.0,,,,,
0b251279785a45d09f92a62163f4c69d,96,9,11,25,27,63.0,41.0,19.0,48.0,67.0,,,,,
5f90bed6fb25464da30aa767a2bb522b,95,92,22,26,54,20.0,84.0,38.0,99.0,62.0,,,,,
5b6a810204284378bf5023f440ef3935,41,81,36,86,60,6.0,80.0,88.0,59.0,26.0,,,,,
3dba6da8584449fc914b9547c9dc72b8,75,74,21,62,68,,,,,,17.0,25.0,59.0,58.0,9.0
1a89b71ea0d542c8a837fe68bba205ca,97,21,94,70,65,,,,,,2.0,45.0,53.0,46.0,20.0
c1b5b5cabc3546df94f79dbac5811d2d,46,28,11,67,9,,,,,,11.0,34.0,31.0,1.0,5.0
5a3045280b594562a227219f551ff086,49,69,86,87,9,,,,,,97.0,64.0,91.0,59.0,8.0
a48e40f1d0424dfa96ab087a8bc78e81,31,85,100,60,53,,,,,,52.0,56.0,35.0,100.0,77.0
af475b49c7754395949405f02cd2a404,74,60,20,28,59,24.0,61.0,12.0,100.0,17.0,,,,,
7a8104deb20547bbbb16f75776f186ab,87,69,26,19,55,,,,,,23.0,50.0,19.0,57.0,44.0
2285b2efcfbe4fe9aea9c542a1b970d0,9,74,41,14,65,,,,,,78.0,56.0,7.0,22.0,80.0
f1901b7ec6b449efb74eba9310275b53,89,92,51,44,7,65.0,60.0,42.0,56.0,70.0,,,,,
339b77a84b1f4d7b8977c513752a7d25,62,33,34,88,34,,,,,,22.0,87.0,20.0,10.0,55.0
e2c328aa331044758a8622250b36e356,75,95,3,2,33,,,,,,98.0,98.0,9.0,47.0,5.0
4f612217eef1469490cae32d0aba590e,43,30,65,26,72,,,,,,21.0,55.0,34.0,99.0,80.0
d0be73eefd374539a5f202f983f02dc7,65,78,56,83,88,,,,,,58.0,13.0,37.0,66.0,78.0
095ffa8140d94bceb930ba208b040f49,82,35,6,65,80,24.0,73.0,7.0,0.0,37.0,,,,,
493e904d30ec4796a59b457fc0d7ac73,43,4,30,31,90,45.0,54.0,76.0,95.0,38.0,,,,,
0c3ce284c7e54bbb9cb51c535b62a8df,34,14,99,75,3,,,,,,84.0,20.0,51.0,22.0,16.0
45f1861954f94429a7de02ccdda4f4a7,55,60,72,90,71,,,,,,50.0,73.0,15.0,64.0,100.0
6fdc0bad5e3641278ca1b45c1fdd980a,1,2,9,37,57,,,,,,26.0,16.0,65.0,2.0,24.0
7092947dbe4949eca667d3bbe3b56360,79,61,31,0,99,51.0,27.0,26.0,90.0,78.0,,,,,
56cb1ab062fb46d7b4dbca07e506f670,71,95,1,31,3,,,,,,60.0,8.0,82.0,76.0,50.0
b12b66807f074cb9afd340c0f945f2fd,71,90,83,66,7,,,,,,91.0,69.0,23.0,70.0,43.0
cc1b4157ec9f4c549e0a72ab7f5db163,33,99,44,0,32,,,,,,74.0,76.0,16.0,79.0,73.0
15260718cd184a828447ceab84ef4324,36,29,26,75,62,,,,,,81.0,39.0,78.0,89.0,96.0
6e3c453214344f62acac028cba220065,93,46,13,23,16,0.0,9.0,59.0,49.0,91.0,,,,,
2e326567d284454ebebec0db9a3a6103,14,69,1,9,11,,,,,,4.0,83.0,68.0,8.0,39.0
1a43db54523a49938b3446bc8ba435cc,56,89,27,86,29,,,,,,69.0,63.0,2.0,49.0,30.0
4baf0f5ea932409493f28f11147f6570,22,23,87,51,1,,,,,,17.0,87.0,78.0,62.0,70.0
b7b8c1a59a45493db227890e4e76833a,2,34,29,9,5,56.0,57.0,72.0,49.0,31.0,,,,,
71a3fad2b0944d2aaaa93b436d15f16f,23,77,41,35,34,61.0,18.0,68.0,99.0,66.0,,,,,
ba1082170ad749a2b27716ec59fefbbc,98,29,45,12,26,10.0,51.0,56.0,90.0,82.0,,,,,
9d66e8155a4143b3a95f176cdebac186,84,23,23,11,97,84.0,1.0,61.0,31.0,27.0,,,,,
a3b442bd46494296af5842c3ff86cc31,72,53,66,79,85,,,,,,29.0,36.0,15.0,17.0,74.0
0eaf04b5f2a94c8a8a9e4a62fae3114b,33,39,73,6,47,,,,,,24.0,99.0,0.0,67.0,1.0
67fd64c4a334458aabd2b5121335e5db,56,48,26,96,96,,,,,,86.0,91.0,90.0,56.0,79.0
bff9507dcd14403e83599af65d01f55f,5,37,21,28,58,,,,,,13.0,48.0,85.0,76.0,75.0
07f8d4f0f3ea4184a8f4e3ceadedda80,52,85,96,2,20,44.0,71.0,12.0,24.0,72.0,,,,,
ad973b679b8945cb9942644c248d31ec,79,40,52,96,88,,,,,,43.0,79.0,87.0,4.0,29.0
20509c6208e845d7b02c1821c8040fb7,15,75,33,92,29,42.0,74.0,80.0,29.0,99.0,,,,,
a52964ffc74c4890bc6a3174113634a5,36,64,51,58,81,,,,,,61.0,1.0,61.0,32.0,57.0
f31046dc62024ee69cb5e69c5dc7b3e6,3,5,1,8,9,45.0,91.0,59.0,44.0,61.0,,,,,
2747b93c9ae74eab884a67809136f1f8,56,65,79,1,88,,,,,,4.0,95.0,60.0,46.0,81.0
5ef787b8f2e6495fb32e2016add702c9,67,41,38,68,80,,,,,,38.0,5.0,72.0,96.0,77.0
13aec376c359410ab1a6014c5f3c44dc,91,96,1,6,34,2.0,12.0,93.0,97.0,25.0,,,,,
5df06e8c878a4ed9a33ffc8292ec89af,78,97,64,78,29,44.0,33.0,36.0,82.0,88.0,,,,,
4758367ba6494cdc907b907265e58f34,95,3,30,41,74,76.0,51.0,32.0,37.0,84.0,,,,,
06a241af1d0a47f7b5e4a4713fe68c9c,55,76,69,60,97,,,,,,44.0,71.0,69.0,29.0,93.0
848af4407fc14858afa0d842bc55300b,27,62,71,26,0,,,,,,91.0,7.0,77.0,70.0,9.0
1e2595b88fc9486ba9ddebf563119aca,60,58,16,95,67,,,,,,20.0,14.0,18.0,45.0,9.0
b43bd27f42a249a6866412854303cbc1,14,57,96,84,33,29.0,49.0,21.0,13.0,53.0,,,,,
9ca3fbb3ff1148bab6ee1640723ef466,28,51,0,91,88,68.0,12.0,100.0,73.0,97.0,,,,,
ffa623d0ea9e4c8db1a8b71f491b90e9,96,49,54,18,68,20.0,64.0,49.0,57.0,61.0,,,,,
22bf18f51f654a87b33ee3447dbf4bc1,38,8,99,11,12,58.0,94.0,96.0,15.0,55.0,,,,,
2c33350c73b941d892f5131ada52d2ee,37,20,24,51,100,91.0,91.0,18.0,93.0,34.0,,,,,
ff4c96d671f24e8fb69f68c3e60fd420,16,32,57,56,18,56.0,59.0,56.0,7.0,92.0,,,,,
f7b217c7ae924a718f7dcb431679742f,31,84,27,93,29,,,,,,35.0,41.0,37.0,41.0,74.0
aaf78c6751d04109bc902838d8741408,80,98,95,41,15,33.0,37.0,77.0,18.0,33.0,,,,,
8ccc9cea109f48eeb5a4720058f0dd23,39,35,89,59,88,99.0,35.0,1.0,51.0,76.0,,,,,
4cc9f5f2e42e40378a552ea08acbbe09,66,46,59,33,28,,,,,,52.0,58.0,92.0,98.0,41.0
b5a5f8e6b6394f04a8524385d9f2dd0d,65,76,31,52,91,,,,,,2.0,63.0,14.0,78.0,64.0
2c913a7ca3404f08b34191b8ed6522b4,80,27,1,23,75,69.0,57.0,38.0,62.0,57.0,,,,,
3967e60a823d41079c8ac066cb2fafa3,17,14,29,27,64,,,,,,19.0,25.0,95.0,22.0,31.0
cac4d0eb3373430ebc31a5971f119c0f,30,8,33,22,86,100.0,32.0,46.0,42.0,45.0,,,,,
7e7838c9ca55438bbc9abe10238d6f44,84,28,11,49,2,,,,,,44.0,87.0,2.0,4.0,1.0
9280c5aa8dd4495b9c63b6f306ba8cd3,4,70,23,73,20,36.0,1.0,1.0,54.0,94.0,,,,,
fba6abf7cdbc4653b7a7e8b75e70f65f,25,39,67,6,6,24.0,75.0,90.0,68.0,92.0,,,,,
e25df9a89ca845c4a138afe08d38bbd8,83,72,12,29,2,,,,,,21.0,22.0,90.0,44.0,38.0
65edcfe34f2d4d3f90d4de39161237c9,84,14,17,66,76,,,,,,8.0,16.0,89.0,4.0,84.0
7a89cbebb807478ab788f5d1ffe575f6,27,2,41,41,38,,,,,,40.0,60.0,10.0,79.0,88.0
68d0a2a8c4e747dda929de738693fd9d,97,91,75,51,80,26.0,34.0,7.0,72.0,95.0,,,,,
20156a7212e143a6932cae01d2c65ee4,1,66,10,63,84,69.0,8.0,40.0,69.0,11.0,,,,,
12fc7a87a4704d489128b9b1f8ede0ca,89,62,86,82,55,50.0,76.0,56.0,66.0,79.0,,,,,
8471b4b0ae1b4f69b740d83173318749,100,3,11,83,55,92.0,12.0,69.0,2.0,55.0,,,,,
d43cdd6de0c14f1ea0da897258321ee4,11,23,1,69,12,,,,,,33.0,98.0,4.0,75.0,18.0
96792482a3c948e48d2238e6c7bf4fbc,78,60,28,39,99,80.0,9.0,23.0,39.0,79.0,,,,,
21084dd9f75d4e3c848d56502e9522d6,18,28,77,41,57,32.0,95.0,0.0,94.0,65.0,,,,,
de431e06e924406980bbae526ec01269,32,79,63,87,46,88.0,11.0,28.0,81.0,2.0,,,,,
84a2576c1fc945f894d607350e2f8958,100,4,46,27,74,23.0,54.0,15.0,96.0,6.0,,,,,
2976aab22a2647708ddb1b36272c0588,25,100,96,62,80,,,,,,54.0,65.0,44.0,54.0,15.0
39b86bb2b5964a7caf4afa885299e505,40,81,75,31,40,,,,,,3.0,14.0,23.0,95.0,10.0
84d67c4ff0df4684b28e41225894f7f1,81,28,35,85,70,,,,,,67.0,22.0,31.0,100.0,20.0
143029a9d88f4c9488b763d5e519dd7e,22,42,68,99,16,,,,,,7.0,41.0,6.0,58.0,25.0
f4d375c1a29349fab240d7a14027ab7d,95,60,65,32,60,,,,,,95.0,95.0,24.0,77.0,95.0
a0017720200b490386426c458d03f17a,16,69,22,66,100,,,,,,17.0,8.0,34.0,64.0,25.0
17eaec838892442f9d4b2bf94d85e9c7,45,12,1,98,48,0.0,23.0,0.0,79.0,53.0,,,,,
9780c2152b2b48e9a417c09380a8a23d,76,63,17,6,29,46.0,32.0,33.0,19.0,82.0,,,,,
2bd3cdcd2779468594a53fdef10d27c8,76,86,67,13,35,,,,,,74.0,91.0,4.0,57.0,4.0
e6e987cab87b43849fddde2ea8a2b7ad,47,74,31,46,27,41.0,52.0,27.0,16.0,57.0,,,,,
ec86a890d7b04bdc966e3cbe9aea622f,99,9,42,80,23,,,,,,100.0,24.0,49.0,63.0,21.0
dd20c3bfd3424f088a8bb5b490494583,83,42,57,100,32,,,,,,7.0,78.0,94.0,81.0,19.0
f2d3f7610ba3427994cb056407437c3b,22,58,17,52,62,,,,,,53.0,63.0,54.0,4.0,40.0
43c07d4393a747928561b8dca4364fcd,86,1,4,14,38,,,,,,52.0,98.0,25.0,13.0,31.0
92779574c4574cc3b5f789bca6b07458,9,3,21,37,70,,,,,,56.0,32.0,12.0,96.0,95.0
07c0d116a3944d549e3c5a886aa56e6d,39,20,85,35,66,0.0,8.0,48.0,56.0,25.0,,,,,
8baaf744a08d421ba3954cb17f7f6c0a,19,62,15,47,98,72.0,48.0,87.0,17.0,68.0,,,,,
4d560a3df4e7469aa45409374a27ebf2,58,2,46,76,19,,,,,,16.0,46.0,44.0,86.0,61.0
ceae71cfce004af0beb051817ba24588,30,84,33,94,25,69.0,24.0,53.0,47.0,21.0,,,,,
741b77f54c244053a7f5ae02af5b8f47,58,9,91,21,27,14.0,92.0,5.0,5.0,62.0,,,,,
2877f5d90f5645f8b048faa112ae5c22,99,71,99,33,77,,,,,,59.0,62.0,18.0,32.0,70.0
76e5ae787bf741d3aa662fce7089fc6d,69,22,45,20,32,,,,,,7.0,93.0,35.0,67.0,9.0
24c778a59b4e464b9716dc2e343ada2a,35,78,88,55,58,77.0,94.0,27.0,60.0,37.0,,,,,
51beb80eb7e6414c9c8a49225005680f,0,45,84,9,86,34.0,53.0,4.0,42.0,78.0,,,,,
586a346adc5b47d1bcef1972bbf483ce,41,59,75,78,8,2.0,45.0,3.0,47.0,39.0,,,,,
c2baf0e0217943f0a6124ab4f9b21e6e,47,61,12,65,60,,,,,,81.0,12.0,66.0,11.0,3.0
1b2ededb8fc84fc083d5bceb5edbb8ee,14,79,74,27,48,23.0,16.0,54.0,88.0,40.0,,,,,
1f5d988f776a4f09bde2885951b1943c,69,27,20,45,69,56.0,88.0,80.0,66.0,82.0,,,,,
24108e9a3f774caeb318b96d44790612,86,60,92,36,6,51.0,27.0,51.0,23.0,1.0,,,,,
f204be894a4b45638cf477ef18c8a616,23,59,9,23,32,50.0,24.0,48.0,46.0,64.0,,,,,
6b0ae0e39d8940479d39d7936257a4a2,33,0,18,73,16,,,,,,25.0,46.0,52.0,49.0,40.0
e6fdd7afdd844accb67294643f8ea40a,30,8,29,22,37,,,,,,3.0,54.0,28.0,41.0,54.0
ef0a573d53d2456d9040158728e213bc,72,25,51,28,61,,,,,,35.0,46.0,41.0,3.0,13.0
3098f7b2500e45c0b89bdf7f93e34c35,2,31,74,49,10,,,,,,2.0,23.0,14.0,77.0,11.0
fef7d9ea7f8e4483a8caaa1dc35bec2c,35,20,5,20,90,40.0,17.0,50.0,61.0,100.0,,,,,
e10b1a477fae4748b781321e83c501cb,36,28,10,93,8,,,,,,15.0,48.0,33.0,38.0,61.0
170d750705ee41d4bf53a88e4efc8248,52,23,31,43,47,43.0,38.0,61.0,43.0,95.0,,,,,
750d112e81644eeca4ab851bf1fac6e7,6,18,51,40,8,37.0,57.0,8.0,51.0,58.0,,,,,
95560a2d37134466bda06476f778c676,57,59,66,100,0,78.0,74.0,19.0,67.0,86.0,,,,,
4806f8040cf0474c8c74dc0f5a575539,24,79,52,3,90,37.0,64.0,81.0,35.0,8.0,,,,,
d7c4fe9ce1e04ffc98f6fd7f7eb162f1,7,47,21,5,47,,,,,,60.0,42.0,100.0,0.0,30.0
4926ce5f78784140ac2a4f71a77d95f1,15,46,69,3,48,24.0,69.0,29.0,14.0,49.0,,,,,
1b84edc3d8e049de8217ea0e896490ab,45,79,69,0,6,5.0,24.0,78.0,70.0,14.0,,,,,
43b47ee5e1e84e7ea2498f666e51484d,37,3,42,35,45,50.0,86.0,22.0,17.0,28.0,,,,,
673ba8bdc38c4dec9da39a73ba3df7ff,98,5,16,3,85,35.0,31.0,62.0,6.0,19.0,,,,,
0d18ab95668c44778b95017c5dae1201,63,29,59,12,84,,,,,,2.0,45.0,71.0,47.0,58.0
5cce5ba931d44e098fd33afc91fdfa4f,97,88,83,15,31,,,,,,8.0,82.0,63.0,78.0,23.0
62e7c1a612d24a0689e1cd138da00495,87,85,22,70,64,52.0,100.0,41.0,67.0,27.0,,,,,
8cc36f3bc3af4cfeb34a6ca38116e3fc,83,13,28,67,33,11.0,53.0,90.0,55.0,81.0,,,,,
9f8cc29ffd354c5f93479a3b479bc637,3,2,97,39,25,,,,,,88.0,91.0,9.0,93.0,38.0
20f0156a1e6a46289c6d52d5ae2e9af9,59,66,15,88,41,,,,,,2.0,45.0,17.0,53.0,65.0
5f89ed1264d64fbf98c01e2bf99f0704,50,65,42,46,85,46.0,47.0,73.0,36.0,52.0,,,,,
8ece112856ce4b42bc9e1dcbcb7e6268,11,60,39,35,18,,,,,,41.0,46.0,77.0,5.0,24.0
24eeb4a6c14545c79d986115f05eeefe,94,86,48,63,85,16.0,57.0,8.0,25.0,27.0,,,,,
66c14dca82554a619a3b031932f57510,23,35,36,38,2,,,,,,18.0,4.0,55.0,28.0,96.0
09f644050b9940348a4e255280051b10,46,9,67,3,78,,,,,,62.0,1.0,100.0,17.0,17.0
cdd0b4d4554247deb6adf48b2314d0c8,13,78,62,67,19,91.0,35.0,10.0,32.0,73.0,,,,,
2620f9a974fd43d184f2fd0f79474bfa,90,36,11,40,93,3.0,41.0,97.0,15.0,41.0,,,,,
23c8afdb83f84f16a4a4474c9b33e3a4,0,99,94,99,44,0.0,41.0,24.0,16.0,57.0,,,,,
518b2f219cf24859ae6e2e7253f591dc,10,100,6,94,82,,,,,,83.0,56.0,41.0,94.0,42.0
9dd2f9defd984e33a498abe92999bbef,41,57,63,14,81,62.0,55.0,8.0,3.0,38.0,,,,,
97fe56c54c9a4f2497b4c294bd44089d,27,14,95,0,91,22.0,56.0,75.0,5.0,8.0,,,,,
827c9f8cd40a45e981df6517561c9210,88,52,55,40,37,72.0,72.0,12.0,15.0,42.0,,,,,
901bcdefb56f48cebd66971e88476c56,32,29,27,99,34,40.0,84.0,41.0,54.0,75.0,,,,,
044251dbd0d44a67b9928faa4cbf131d,69,47,1,30,79,29.0,43.0,66.0,84.0,99.0,,,,,
1c0f0bdcac7e437c94cc1e2a5e4cb287,95,26,5,15,70,,,,,,26.0,11.0,14.0,45.0,88.0
4ec3f970956d40e4aaa26216fada98f5,39,27,39,15,48,88.0,6.0,45.0,87.0,79.0,,,,,
df41e335b9ae48e4a61599c8cbf81f86,81,27,31,28,78,73.0,58.0,82.0,39.0,91.0,,,,,
98cf118806d24913a1173719b023a0ea,17,78,69,30,50,,,,,,26.0,7.0,60.0,22.0,2.0
a7d4cf50f79141e583f9cd6b797ebe87,23,80,35,47,16,50.0,76.0,66.0,49.0,91.0,,,,,
9416e4dcc6b24defb8d8b7f1c86c6544,5,94,31,67,71,,,,,,85.0,8.0,40.0,46.0,41.0
0d259caab8ad4d87ba4045dd93dfd907,80,0,88,22,52,,,,,,16.0,90.0,67.0,29.0,78.0
863417182ba64db3bafeb1149561c813,61,20,55,64,6,97.0,54.0,75.0,61.0,20.0,,,,,
c64c96479ea7417cb89f7039a107cc46,4,3,28,19,50,,,,,,36.0,50.0,0.0,54.0,54.0
d25864f225d440fca1542765d756ba9c,89,20,25,94,98,28.0,86.0,58.0,68.0,90.0,,,,,
9293f70508154147be00980eae441e21,51,51,99,2,69,,,,,,58.0,77.0,66.0,20.0,78.0
30d73df71c224ceab35556a5f2bd92f2,70,11,76,75,53,94.0,56.0,84.0,26.0,28.0,,,,,
6b352f85504e4687b0e7e75604d9145e,4,5,11,75,52,44.0,9.0,71.0,99.0,67.0,,,,,
34323ec6b0c4401ca9b7c0fa26c432f6,64,77,99,64,0,,,,,,76.0,59.0,31.0,48.0,12.0
9c89d374c66445a780773e33690e7e62,19,28,33,90,79,,,,,,49.0,25.0,23.0,13.0,30.0
d92f3c1edf704b2ab8bb22a5eba742d2,100,4,71,93,78,63.0,40.0,56.0,95.0,69.0,,,,,
b4adaf890ff14a9fba370623bc5fd4dd,24,18,77,45,82,,,,,,49.0,90.0,17.0,82.0,96.0
8f9646853514489084c86c4623595fa4,31,29,25,26,92,70.0,87.0,22.0,16.0,58.0,,,,,
7a768555a9874218bf84faef5336723b,36,92,21,64,61,38.0,21.0,57.0,53.0,32.0,,,,,
f4e9573450524700a07796a38685abaa,51,49,4,87,68,,,,,,51.0,100.0,84.0,73.0,88.0
887b03e5e9804808b5ac824c2c55aef7,54,70,49,44,73,45.0,92.0,30.0,19.0,12.0,,,,,
ad05b9125ab24d4a8bd88fcd57a2be4e,61,26,95,20,92,65.0,70.0,30.0,55.0,52.0,,,,,
ae455cc6b88e430f9e1e994ac5a11f5c,67,50,77,13,72,,,,,,54.0,17.0,3.0,2.0,53.0
43ad3d62b17c4b218dbc2c1ca4afe7bd,66,89,55,1,66,,,,,,72.0,74.0,32.0,72.0,91.0
f514105831384975bbf33a349c2dfa97,49,48,92,44,45,92.0,59.0,13.0,61.0,38.0,,,,,
4c6a70f48ede444d876cf68c3f1be0d0,27,55,74,33,99,3.0,34.0,82.0,74.0,51.0,,,,,
fb756923f9104bb3b10532523990e2c9,92,38,71,72,39,,,,,,24.0,70.0,60.0,96.0,93.0
b474634949fc4cd8856bad4c4c3077c4,19,72,39,66,66,,,,,,28.0,23.0,61.0,75.0,53.0
7d2f4e58b47a4c5bb0b3901535102852,96,59,42,69,85,18.0,98.0,44.0,74.0,7.0,,,,,
8f7c1d59594b4a3abad465a15129950d,44,15,40,84,99,,,,,,38.0,49.0,91.0,12.0,69.0
b8beff3dcb9f4f6daf3a6f27ef06fccb,20,30,95,27,52,,,,,,94.0,27.0,5.0,50.0,52.0
92cf60211f33442d89ac908746015028,77,18,32,76,43,,,,,,40.0,68.0,30.0,63.0,14.0
e5508ea26133434d8b0e8eb1ad371d9e,47,64,86,11,58,78.0,45.0,96.0,63.0,52.0,,,,,
585abefbd1814f77a5001423faebcd19,40,33,17,1,49,,,,,,64.0,41.0,36.0,33.0,42.0
257f7595cdfb4db985e78b23f4613f09,27,77,68,58,97,,,,,,4.0,69.0,98.0,16.0,67.0
f48f709c49a244418ac4de854a5b1aff,23,46,85,78,31,,,,,,26.0,29.0,98.0,99.0,31.0
ec8be53758ab4778943b45e3b6d1f6bb,63,75,11,34,78,,,,,,56.0,13.0,15.0,50.0,91.0
bf51936241a64feda7edc8d8713f8f8c,39,26,51,20,83,,,,,,49.0,26.0,18.0,41.0,52.0
d3f4a49b33ba4a88b6c7d6fa7aa4f052,55,13,79,34,100,,,,,,10.0,22.0,5.0,60.0,14.0
8fe069b6eeda48028568f42689e03e22,28,84,94,38,98,,,,,,85.0,34.0,3.0,26.0,55.0
1bf645f6232442118588fc1bb2384849,79,99,98,72,72,,,,,,52.0,4.0,99.0,22.0,36.0
3d4196fe963a4617bdab07e79d9d028e,59,96,28,59,29,10.0,26.0,64.0,34.0,21.0,,,,,
e7ba26acab7a4d1c8cfef6833e11bafe,24,84,20,83,33,78.0,94.0,65.0,98.0,69.0,,,,,
3b9b2d45a35045e4b9c59df987f255d6,66,8,61,34,75,96.0,50.0,88.0,14.0,20.0,,,,,
548e1f6b69ce4e4e99a692c90d700ea4,27,68,88,22,98,76.0,79.0,20.0,15.0,4.0,,,,,
ae62990c19bd4f93b8ef7666b7a4c719,45,38,55,80,42,,,,,,81.0,3.0,49.0,13.0,24.0
f6eab3a001534221a3310a28c550eca8,52,65,99,38,19,87.0,75.0,72.0,48.0,46.0,,,,,
286ed390edd94a1aba585b278ce3e7c3,93,48,41,37,53,68.0,2.0,51.0,23.0,6.0,,,,,
e1721c83ef5e4376a723fb72682b163a,99,42,17,31,70,,,,,,10.0,80.0,68.0,36.0,37.0
a689b4247a3a40e1b9c773a0e0decc3d,9,19,66,25,21,,,,,,54.0,22.0,30.0,96.0,13.0
4988e418f6c3421881836315330f8be1,91,95,45,70,9,34.0,33.0,5.0,36.0,24.0,,,,,
0f25477da55940e78910fade52380bf2,54,65,76,71,26,90.0,46.0,81.0,87.0,64.0,,,,,
a6fd0cb116e645c084cb294fe86e8e63,43,62,44,95,50,,,,,,47.0,38.0,72.0,74.0,16.0
bd1a8f4b88ff4d40bb72c86d92fa675f,70,76,13,61,1,16.0,12.0,48.0,62.0,65.0,,,,,
098c60b3efc9409e99af6e09b91e3d6e,61,17,2,83,16,,,,,,16.0,53.0,82.0,97.0,24.0
6afa828c2cd14b9fabe5841fe9c96c52,6,20,57,56,50,93.0,28.0,31.0,25.0,7.0,,,,,
ef158d5b2d004d05966d4627e1dace6a,10,32,33,80,45,82.0,74.0,19.0,58.0,66.0,,,,,
d61169a1ff4646bf894d916deb6d2fed,75,94,98,84,0,,,,,,46.0,33.0,85.0,58.0,20.0
2fb21e667ed14aab89b7c9bc65a16fa9,42,7,64,72,0,32.0,9.0,97.0,45.0,74.0,,,,,
df4e713ef64e4dfcbfbeac7aefc59738,92,21,37,55,96,,,,,,68.0,88.0,49.0,72.0,58.0
0997623ae0724d968a1a81f5ed10f004,61,70,85,12,81,58.0,81.0,75.0,58.0,97.0,,,,,
9a4ffc0c916542ed8c636e95025f5543,46,32,6,56,97,42.0,30.0,70.0,7.0,5.0,,,,,
55c551fcfba54cc8adaf37661b780ede,7,41,63,43,44,,,,,,80.0,5.0,78.0,59.0,100.0
a42d0cd7fd354f6ab450388748d90846,34,86,73,62,10,19.0,15.0,71.0,72.0,89.0,,,,,
e3a68a707e714b558639bd418b15bd94,50,8,75,4,1,47.0,57.0,59.0,55.0,99.0,,,,,
811414f8d9df4d0ea25aed6cf0458043,85,33,5,56,50,,,,,,7.0,51.0,20.0,26.0,24.0
cf0e6d2b315c467a85d8a6ad77d0359e,84,26,5,23,56,,,,,,62.0,18.0,75.0,66.0,49.0
bb2aa1462999494c94a7b69b1cd66b09,94,52,49,49,9,,,,,,28.0,83.0,34.0,1.0,100.0
b7f60cdf41dc4c60a5f60735757b6b29,41,66,92,10,98,,,,,,65.0,18.0,44.0,21.0,6.0
564cfbd2bc924d81839b058c2faabe0b,75,49,15,49,91,,,,,,34.0,62.0,14.0,12.0,96.0
aca58d95915a4c308b86b5a1ca6fbff8,24,67,96,44,55,91.0,34.0,77.0,51.0,91.0,,,,,
9c6783932ced4c0db17304b5c1dd484a,20,3,58,63,76,,,,,,53.0,1.0,23.0,18.0,79.0
67ce378fe5a4483ba383889adb2c6ac8,61,3,23,6,83,,,,,,30.0,27.0,27.0,32.0,16.0
53f3007383e94ef4ad7df5d0d3b59af7,22,39,72,46,98,,,,,,2.0,12.0,30.0,32.0,42.0
186b2880ab544a15a69d01ff1634725b,9,0,47,100,17,14.0,45.0,61.0,17.0,26.0,,,,,
7a3a6e9623ff43d3bb4fb88a2f4dd219,62,55,10,86,81,,,,,,36.0,26.0,78.0,27.0,69.0
01bf9e733f804385af9240b652d78f10,82,67,56,28,12,30.0,79.0,31.0,93.0,42.0,,,,,
725d42593c4b4eeca231ee7342c2d2eb,3,65,91,42,56,,,,,,98.0,37.0,52.0,50.0,23.0
546252e7f43b40528459bd6ec0f63229,78,100,68,83,38,38.0,6.0,93.0,71.0,32.0,,,,,
92a81713b90e444b951c25d54d4c5280,22,22,64,56,70,66.0,41.0,34.0,38.0,99.0,,,,,
5c0b9b10a7574b1082f525b902ed73ce,100,0,60,61,99,74.0,57.0,5.0,91.0,50.0,,,,,
aaf407f70fe74149bc7e5368b1594847,80,97,17,42,28,17.0,86.0,10.0,33.0,89.0,,,,,
28e333b64e8a4c4bb72420411e43fbd2,69,27,80,22,47,,,,,,17.0,33.0,47.0,77.0,80.0
ec50ace480a54e65afa2855967c96204,56,63,77,20,78,61.0,72.0,20.0,3.0,66.0,,,,,
c5144d98b41c404fa346f415e5267a2b,28,42,41,28,8,,,,,,2.0,36.0,51.0,97.0,90.0
a38295d31e0e4546b0b6dedf4f9c4027,40,48,42,60,52,,,,,,45.0,17.0,91.0,52.0,52.0
5e175b664b87459fb0cd7f05ea87855e,59,31,96,82,65,,,,,,49.0,79.0,0.0,64.0,20.0
f515949438184fd3b889936a9d5817e8,88,59,58,44,75,60.0,64.0,100.0,82.0,86.0,,,,,
74797b6127374b52ba6a210722319050,70,91,74,8,23,18.0,94.0,12.0,22.0,34.0,,,,,
5fa5e0aa9b114530bd247c11bf6b8cdf,88,91,83,90,39,79.0,29.0,14.0,40.0,87.0,,,,,
e9ad0e9b8c9a41e9b3b263376a74dbb7,0,65,27,26,99,,,,,,72.0,4.0,86.0,89.0,20.0
cd4f8b2b899a425281e1b94a78883058,17,49,69,16,26,77.0,58.0,95.0,32.0,55.0,,,,,
c3093b6e37e942e2935ac07aaa0217d0,79,55,88,100,86,,,,,,11.0,44.0,69.0,2.0,69.0
98874bfec1364c65ae2ae3413f59e4f2,100,73,49,47,3,25.0,45.0,79.0,89.0,79.0,,,,,
86879aa914f543d089912032df85c777,40,76,87,19,30,58.0,21.0,6.0,47.0,76.0,,,,,
5c9deee0b42a445687365a84725e134d,94,1,37,7,43,,,,,,45.0,29.0,80.0,73.0,0.0
1cb9b73a906d4c8caad08c8913fe8a29,92,63,49,97,8,,,,,,36.0,25.0,86.0,7.0,61.0
e723ada38c324db2942a895e0fcf601f,98,67,74,50,31,67.0,83.0,84.0,90.0,6.0,,,,,
89628f6e929c43b3b3c08bf18167999f,57,91,50,58,83,5.0,91.0,69.0,25.0,65.0,,,,,
dabf984e53ff4461aa1f1b61265cb9d9,99,100,58,94,43,,,,,,79.0,88.0,26.0,9.0,58.0
ae27d4321dc147ebb11c767385351a69,93,3,99,45,39,,,,,,8.0,53.0,75.0,98.0,68.0
7d23d47995494a82b787ef8d3495311e,67,72,12,28,23,,,,,,94.0,2.0,60.0,93.0,11.0
720b274b82a74586a61d9cde1747f387,62,90,59,75,24,20.0,76.0,56.0,69.0,52.0,,,,,
21c71aa3741443b58e3e25f2cf0671c7,6,85,84,3,92,27.0,60.0,75.0,88.0,56.0,,,,,
905c7bdd74f04eaeaa5943ce836435e3,8,40,14,94,79,69.0,35.0,68.0,87.0,55.0,,,,,
ac3a812f765e4cb58f0d55400ec7d662,93,97,90,58,27,,,,,,100.0,79.0,72.0,48.0,45.0
0592bfa5b928423f8ee4334ece920136,26,66,57,53,100,,,,,,39.0,72.0,8.0,63.0,99.0
00c59f30d103442481241bb4655ce508,54,27,63,20,27,,,,,,37.0,97.0,19.0,68.0,53.0
12b2102d940c4503b7c86152beed0af9,43,99,23,95,40,,,,,,58.0,81.0,92.0,16.0,14.0
b34c6c7358334b30ac776e950b981ccd,49,10,88,67,91,17.0,55.0,73.0,56.0,82.0,,,,,
0f6ce9bffe7e43628a89b0f0105291d3,11,86,8,56,47,22.0,67.0,92.0,67.0,2.0,,,,,
fc737d9211ab4d11a4eb8000ef40d162,35,66,59,59,58,41.0,74.0,18.0,0.0,27.0,,,,,
497ec6d1081f46dcb8d9a88aef0bea4f,58,80,98,79,84,96.0,95.0,37.0,60.0,95.0,,,,,
22ab7752c4db4a62ae13418d68ab80ea,57,14,83,76,90,36.0,24.0,81.0,64.0,12.0,,,,,
bab2b77dfa744cc8a43afb7ac40d4874,23,88,91,23,93,,,,,,32.0,95.0,84.0,45.0,34.0
5fdcabbf6b9c471cb6ba745ba55871e3,54,86,28,54,93,51.0,0.0,29.0,56.0,78.0,,,,,
72d3545861ea4f30a42e707afe2bd987,69,67,41,57,67,,,,,,50.0,96.0,14.0,90.0,3.0
60a399d4e8214716aac80da1de9f6f5b,16,91,80,18,31,,,,,,89.0,62.0,24.0,32.0,24.0
f6d22a7baec74a82948b4376602a4e57,58,38,23,20,81,65.0,67.0,6.0,18.0,24.0,,,,,
220b9ea98a0f45089fe2c0a0a96b3c42,50,76,38,31,100,61.0,43.0,70.0,92.0,41.0,,,,,
1e5ebe54590742999c3bbdd8a74e02a9,71,7,83,58,28,,,,,,11.0,2.0,100.0,6.0,98.0
649f7d88898945abbe2b34d82db0728d,99,59,83,47,98,33.0,65.0,16.0,50.0,9.0,,,,,
fa8dae42ba544920a099d18087623997,21,14,7,94,69,82.0,32.0,88.0,34.0,63.0,,,,,
c194f97f00e3402695b6de85390239d9,81,53,30,86,74,,,,,,48.0,16.0,78.0,51.0,28.0
76876c624c61445eba7e5d9405d1fb63,78,0,22,64,54,,,,,,33.0,69.0,33.0,3.0,48.0
6c93a7918b604511b8168aebac6a7c85,78,29,81,4,2,27.0,35.0,72.0,36.0,47.0,,,,,
3acb43a3d2c74ffba118433b882ccd1e,51,89,21,57,55,31.0,14.0,39.0,9.0,31.0,,,,,
27b608dc589d4cb0b5eb89c23f5cf2f3,92,69,88,74,79,,,,,,91.0,34.0,1.0,100.0,23.0
e00da49deffa4002b040413c4690fb15,66,18,95,42,79,,,,,,44.0,8.0,55.0,76.0,32.0
083f64c31ce342f883f725feb99b2b5a,26,86,77,32,45,17.0,38.0,38.0,90.0,96.0,,,,,
9d6b9b626b534a19a902b73fcf39f648,58,5,79,71,33,,,,,,64.0,62.0,75.0,25.0,86.0
e39836bbe23d4faaafad49e9c41c147e,25,54,4,60,13,,,,,,97.0,39.0,77.0,47.0,81.0
1139fa1234c143eabd9c4e6404015ced,55,89,55,69,93,2.0,5.0,82.0,17.0,1.0,,,,,
7249f62c08984462980cb95c19d45deb,85,74,89,48,32,51.0,39.0,26.0,86.0,61.0,,,,,
df495037b40a4181ac09bdb799086e47,74,72,70,53,93,,,,,,16.0,54.0,83.0,88.0,34.0
0b531932bd9449aabea6e5b20c760d28,4,60,87,15,17,29.0,92.0,20.0,90.0,95.0,,,,,
8a2db2e63bfd48a6b05fddf566fadca0,87,13,8,53,40,,,,,,27.0,9.0,47.0,55.0,87.0
c6ac1b04dd1d4cd1811f6bf5379ef467,76,90,71,98,6,8.0,65.0,89.0,39.0,65.0,,,,,
fe54ee4b80ff4173a3dfecd70e731dd7,87,51,42,26,100,67.0,69.0,60.0,52.0,43.0,,,,,
ea98fef8d0d74e37bbf2025f4a0d2b73,58,48,86,19,6,,,,,,75.0,71.0,87.0,80.0,24.0
93d563ae51a34c26937bf79bbb44badc,86,30,28,64,81,,,,,,14.0,20.0,59.0,14.0,37.0
d18183d1ac2b4cfc85c51060991121e7,93,7,35,70,87,82.0,80.0,14.0,1.0,71.0,,,,,
e05277394d404f1bbca5be2952171bf3,95,31,83,89,98,,,,,,21.0,64.0,63.0,65.0,61.0
8570b59fa9034e67bc568b5324acb722,60,27,57,30,80,,,,,,99.0,34.0,84.0,82.0,36.0
46707cd64ced4164a9df14e9389641dd,6,55,63,39,75,34.0,62.0,56.0,92.0,86.0,,,,,
97777f10f2d2493f8e85140d0f9aeb70,37,19,10,64,77,,,,,,63.0,45.0,49.0,75.0,96.0
2cd58759e95d4761bc36dc59e134edfc,36,35,15,50,72,,,,,,20.0,15.0,35.0,94.0,63.0
8e4c3ab56d5d4477adc29178a0411612,2,34,81,62,86,,,,,,42.0,66.0,5.0,71.0,45.0
582b91eef8e8435b8c00988a7ee1011a,84,92,72,2,63,,,,,,99.0,32.0,2.0,28.0,17.0
61935990abdd4a8fa4b05c89f10bce9c,59,64,43,57,16,24.0,21.0,41.0,84.0,48.0,,,,,
b2414482519844d886433603c92a7d7c,34,34,30,18,53,,,,,,65.0,4.0,54.0,85.0,81.0
4cc57e0d26334018a883ac6e6a944054,75,15,74,5,2,,,,,,88.0,73.0,2.0,79.0,18.0
89b5aab0c12149dbaf12b150605fb1eb,36,54,28,53,24,,,,,,8.0,12.0,49.0,31.0,45.0
39b02e2ad96e484fbdb0174e7938878a,10,100,50,56,97,,,,,,47.0,1.0,97.0,50.0,4.0
24f43c62b52340de9b87d29c4cfd0fc1,13,91,37,13,97,5.0,56.0,80.0,68.0,42.0,,,,,
0ec0713dea2c4a51b688d11fce4758be,92,48,45,8,57,,,,,,45.0,47.0,62.0,56.0,20.0
6aa0426df7c045f7a9a53b4f8ff8869d,33,1,18,68,28,,,,,,96.0,98.0,23.0,35.0,87.0
636f6e5c2253470687ad8b268eaa5841,30,57,91,51,92,,,,,,75.0,93.0,89.0,96.0,20.0
548c1d84340d4049814765063e2bf9c9,73,33,80,18,68,,,,,,18.0,52.0,83.0,49.0,86.0
73253aa3ec174298943df5b3a58e83dd,49,1,91,43,28,72.0,24.0,42.0,59.0,11.0,,,,,
891f691217ab48639efeef4fd8ddbbc0,10,60,40,81,62,84.0,24.0,15.0,11.0,69.0,,,,,
0d31812e30c347569453f867b97e6224,88,35,56,72,55,,,,,,45.0,25.0,21.0,50.0,23.0
9adf4709ac754344a08e149e44b9e602,84,35,59,46,91,38.0,21.0,63.0,9.0,25.0,,,,,
12a1fe7ddfa547228a1fc9df9a591974,32,73,56,98,61,45.0,78.0,9.0,22.0,57.0,,,,,
966be275c2fe49548dfd9531302b7831,74,32,41,71,4,76.0,28.0,61.0,79.0,25.0,,,,,
378e65108f10433eabe42e7db96c1163,81,59,16,74,38,50.0,22.0,43.0,90.0,80.0,,,,,
e8334da5de954695b579c1437ab99428,51,77,11,91,95,,,,,,62.0,61.0,11.0,3.0,87.0
e8b3d763f4ff4f3a8d9dbaeb553d2625,52,40,54,42,73,,,,,,56.0,38.0,68.0,82.0,91.0
30a5648eefe943d0b63908bf03ece8ff,99,67,55,50,1,5.0,0.0,37.0,26.0,46.0,,,,,
bf337a151e084f20bdd151b0f64ab6ec,42,33,66,25,55,,,,,,58.0,55.0,2.0,39.0,35.0
ea18d32c7a9a4ef5811bd1c4ffe3f366,75,0,72,60,1,,,,,,1.0,90.0,31.0,35.0,60.0
b42a2d939aba4f15b21490623e1a963e,68,95,36,64,74,,,,,,74.0,46.0,46.0,63.0,100.0
3d44cb2cea454a41a589ada1345af934,50,55,25,19,30,,,,,,46.0,23.0,41.0,55.0,62.0
48769153c68843fe92555c758d55119e,14,90,40,70,75,,,,,,75.0,42.0,34.0,73.0,9.0
a6129a1c889d4b76b75c30b561730c48,97,47,88,34,35,47.0,15.0,11.0,80.0,80.0,,,,,
5c11ab6d42f543f58ef4c34d5bf86f3c,90,32,61,50,53,96.0,26.0,53.0,65.0,2.0,,,,,
774c0afa7f4d408ca1fff6c08347f1da,14,42,24,46,17,48.0,86.0,49.0,72.0,6.0,,,,,
b8f0188efb374fae8d8563ca193e638d,53,36,40,92,49,,,,,,94.0,52.0,80.0,64.0,1.0
51facefad6f84f7a82fa1da878308631,27,18,90,36,34,67.0,20.0,74.0,21.0,0.0,,,,,
501ba8515ee64495b40029c3ea11905b,62,8,29,15,12,21.0,2.0,6.0,3.0,42.0,,,,,
dd34aa1890014ed48bb401e769f753f1,26,58,31,89,23,,,,,,18.0,33.0,63.0,84.0,32.0
0426fcc9255b40e2bdc2b74b38a56b49,98,78,16,54,83,,,,,,22.0,68.0,81.0,50.0,33.0
95831d58ef4c41198da5d39b42c21797,83,90,72,27,64,43.0,29.0,92.0,86.0,79.0,,,,,
4b91b8cb6ae64582b852b3cd9442b5e6,80,39,37,81,76,,,,,,62.0,73.0,34.0,51.0,3.0
3ae2802354724d2db2399ffb27046f25,89,25,80,50,99,2.0,87.0,75.0,90.0,53.0,,,,,
3ee82983d557424191ddb9bf613d2de9,18,51,10,8,87,47.0,47.0,61.0,43.0,50.0,,,,,
f186e47aa79443208cf6e8b87fd238c3,47,81,10,82,4,,,,,,18.0,48.0,83.0,73.0,70.0
c36b9a0a41e04a89966a9ce7af521b94,40,56,1,28,68,,,,,,3.0,69.0,46.0,21.0,49.0
b93b17fbf76d45fdbd1645a0d253d966,53,67,36,71,79,100.0,33.0,99.0,98.0,66.0,,,,,
75f8e3a87d974c0fbd5609c4a4461663,92,22,75,34,2,98.0,37.0,21.0,40.0,75.0,,,,,
5a2837b2cb8343f2bb96f6022b115c36,59,23,91,6,8,,,,,,95.0,42.0,13.0,78.0,3.0
8bea75c1b86647aaa3d4526b2b54ff7a,88,80,28,20,71,,,,,,98.0,25.0,80.0,75.0,4.0
e3ad64d4eab94b02af1dc1217d024c6d,55,87,12,1,92,,,,,,39.0,9.0,18.0,58.0,28.0
f50d7a37a44d4fecbd85d7fa8ac97b01,42,60,35,4,74,48.0,84.0,37.0,94.0,100.0,,,,,
d6cd315508a84c7f862138ad0f09105c,40,89,57,41,13,,,,,,90.0,84.0,93.0,35.0,28.0
d1682e09f1f7490493075157d8c128e7,21,45,76,84,64,75.0,52.0,37.0,47.0,61.0,,,,,
01a25ed1c3ab45f18c6b7074ab102c9b,90,7,3,51,89,,,,,,36.0,43.0,48.0,46.0,90.0
a175a9c3d7b142a9a332a50e6992896e,69,25,45,65,89,62.0,47.0,28.0,72.0,42.0,,,,,
26a9e100b509409b916658ce3b3f3800,41,55,93,89,92,87.0,19.0,70.0,58.0,7.0,,,,,
74bd0c9381774661b7fe032c02571851,24,26,17,85,76,82.0,32.0,8.0,53.0,29.0,,,,,
a3422e509e2a43248f79a8a75f8a14bd,73,45,56,94,27,,,,,,49.0,66.0,25.0,49.0,79.0
e9aa144b9dd44675af145064aab07015,30,45,46,9,18,46.0,97.0,88.0,82.0,60.0,,,,,
0406ff447ce44679a8c6dbc07bb3447b,86,49,35,48,38,31.0,76.0,28.0,59.0,5.0,,,,,
694d7b008d384327883f13c601b158e9,86,28,39,12,17,28.0,48.0,23.0,76.0,96.0,,,,,
b8e19f5687874a2184482a220308aa5e,32,58,0,67,42,85.0,39.0,79.0,38.0,9.0,,,,,
49646b96fa3c4628892621df465568b7,46,39,82,80,2,48.0,29.0,12.0,34.0,59.0,,,,,
b2a6e468d02b424380913ac10463750e,37,76,54,17,81,,,,,,23.0,33.0,100.0,32.0,4.0
f090f5a0ce614199ae3a0ba8ac8d6c7d,35,84,66,81,6,,,,,,50.0,100.0,7.0,71.0,22.0
eb053fc41b654dabade46e91e8e6e840,1,16,10,58,9,22.0,0.0,60.0,36.0,100.0,,,,,
3db02235261e4555863e1f2a18a806ef,20,30,64,71,38,89.0,60.0,90.0,57.0,29.0,,,,,
409e7a8086c541d69ea9f50831227592,64,50,44,18,31,,,,,,2.0,43.0,76.0,11.0,22.0
cb80f288446f44dd9abca6e5d0b1e3eb,82,100,49,96,6,,,,,,60.0,4.0,7.0,6.0,87.0
f5948a545f804eeb943a9aff659b0105,25,19,70,22,56,96.0,12.0,51.0,1.0,86.0,,,,,
3e42df5b90a34bbfb580e05067f1698c,18,13,4,30,100,,,,,,89.0,99.0,22.0,65.0,31.0
4ccb235539d147ffb27e1442fd7fe973,31,54,49,6,26,,,,,,97.0,12.0,82.0,76.0,20.0
14a34f7fd90d419b93fbe043af1d5a1a,5,77,77,100,38,61.0,84.0,47.0,66.0,43.0,,,,,
a65f7b8adbb44021bdde64afa75b395a,14,6,77,75,82,8.0,15.0,35.0,7.0,86.0,,,,,
67c0518b17ef4621881c79d4c27437eb,75,61,72,23,43,92.0,43.0,91.0,50.0,93.0,,,,,
79db78628d7d4772a08e2f5c61177270,51,74,92,51,93,9.0,37.0,36.0,18.0,29.0,,,,,
b3eda8f1026b4383a301ec030e5d8c6a,18,100,15,82,37,67.0,78.0,32.0,71.0,28.0,,,,,
d867888b7ff64824952aeaec2bdfcb41,16,10,40,99,64,,,,,,67.0,58.0,64.0,14.0,90.0
54ce26bec8cc42c2a518a4186f14b3f6,3,98,22,20,14,,,,,,80.0,83.0,5.0,19.0,91.0
f94d8fcbdba3496fba323f6990dbfad6,68,60,76,36,96,,,,,,61.0,22.0,30.0,98.0,91.0
eb4d8f42873540a2a51109611869a217,4,21,14,46,31,,,,,,34.0,72.0,74.0,50.0,47.0
e6b9d31a361f4d90bad1fa330ae4ac11,24,4,77,24,8,78.0,69.0,9.0,3.0,83.0,,,,,
9118c400e3364243b139c476de3ce88b,55,59,53,10,69,32.0,46.0,60.0,83.0,89.0,,,,,
ec95b3ac0beb4c3485667c4879ba630a,40,17,16,46,3,,,,,,100.0,5.0,87.0,69.0,94.0
47c68688ecf34053af36b8cc13087974,93,30,34,35,100,,,,,,58.0,85.0,91.0,21.0,53.0
a879d8f890424eb78b040f53e63949d4,53,6,66,92,10,95.0,83.0,58.0,11.0,31.0,,,,,
d9b59f84edc341c3adea2d2d086c405f,33,11,8,15,81,,,,,,80.0,78.0,18.0,22.0,18.0
3508507af622484284022b3c508211a5,21,12,95,81,30,,,,,,19.0,81.0,97.0,49.0,99.0
d218c9d6c0934fb0a4e9bcfd9647ff9f,90,6,97,91,59,1.0,1.0,53.0,59.0,21.0,,,,,
edcabf9465f64a539226a8b3b674410d,2,94,75,45,78,,,,,,85.0,90.0,60.0,61.0,75.0
905f9096299646e28c9d690713b22cec,46,12,40,63,6,,,,,,59.0,90.0,12.0,30.0,13.0
d9750f00d5ab48ae9112fbc03d8f95f4,45,39,68,91,3,85.0,44.0,82.0,50.0,87.0,,,,,
8a624cbde5824678ad5229dd639fc471,19,38,18,29,94,,,,,,49.0,50.0,40.0,16.0,56.0
bd5ff093c16f4bcca243bed754ec3f33,29,42,51,10,86,,,,,,10.0,91.0,53.0,75.0,94.0
b076a7dcfd0c44338a5e151b23d3cd4c,43,2,27,83,12,86.0,49.0,78.0,16.0,34.0,,,,,
bed63da0803345c29413d64db962c8a7,36,67,47,34,97,,,,,,21.0,19.0,55.0,67.0,68.0
1901ef870dbf4caf988a3f87f96d40f8,22,80,89,6,18,,,,,,59.0,26.0,74.0,21.0,13.0
1375ee90d6b341e4bb6dca0d6fe5040b,43,80,47,79,77,,,,,,50.0,59.0,94.0,96.0,69.0
9d264599c4dd4df59aec56a857311609,23,34,17,73,49,,,,,,62.0,85.0,24.0,81.0,53.0
f80b2cea658e44a29879cf35f4719986,47,14,88,39,66,67.0,7.0,90.0,73.0,74.0,,,,,
